Age,Cycle_Length,Pelvic_Pain_Score,Family_History,Urinary_Symptoms_Score,Endometriosis_Stage
24,25,0,1,1,0
37,34,7,0,0,0
32,23,0,0,9,1
28,31,3,0,6,1
25,30,9,0,9,0
38,31,5,0,10,0
24,27,6,0,8,0
43,33,9,0,4,1
36,21,3,0,10,1
40,29,7,0,3,0
28,29,7,0,3,0
28,25,8,1,7,1
41,29,5,0,0,0
38,30,3,1,0,1
21,33,1,0,7,0
25,26,6,0,1,1
41,25,9,0,9,0
20,33,2,0,5,1
39,23,10,0,1,0
38,31,2,0,4,0
19,31,2,0,2,1
41,28,3,0,6,0
29,24,1,1,8,1
23,30,4,0,1,0
19,33,2,0,6,0
38,33,9,0,7,1
18,23,4,1,9,1
29,33,6,0,7,1
43,26,8,0,6,0
39,28,1,0,3,0
29,33,8,0,3,0
42,29,9,1,9,1
34,34,5,0,8,0
44,26,5,1,9,0
44,25,10,1,8,1
27,32,2,0,4,1
33,31,9,0,6,0
32,22,8,1,6,1
32,22,3,0,8,0
36,29,4,1,6,1
29,22,2,1,7,0
40,22,4,1,6,1
37,23,7,1,10,0
42,23,7,1,3,0
20,24,7,0,1,1
22,27,5,0,2,0
36,29,0,0,6,0
24,22,10,1,10,1
38,24,9,1,10,1
26,29,5,0,8,0
24,34,10,0,10,0
35,22,9,0,1,0
21,30,6,1,6,0
42,31,8,0,3,1
31,33,7,0,6,0
35,21,10,1,4,1
43,30,7,0,6,0
26,28,6,1,5,0
43,29,1,1,1,1
38,27,0,1,6,1
19,28,1,0,4,0
37,24,5,0,8,0
32,24,1,1,10,0
24,33,9,0,0,1
29,22,3,0,0,1
25,28,9,1,1,0
32,31,2,0,7,1
20,22,5,0,10,1
31,29,7,0,8,1
34,34,10,1,10,1
21,24,5,1,10,1
35,21,1,0,6,0
25,33,4,0,0,0
21,24,10,0,6,0
19,23,5,0,7,1
23,32,8,0,6,1
39,26,5,0,4,0
27,27,9,0,6,1
21,28,4,0,9,1
39,22,0,1,10,1
35,26,9,0,1,0
43,26,4,1,8,0
29,30,4,1,1,0
19,32,5,0,1,0
27,25,6,0,4,0
21,30,3,1,7,0
31,30,6,1,5,1
33,27,4,0,8,1
32,23,5,0,5,0
25,24,3,0,4,0
31,30,7,0,0,1
40,33,8,0,7,1
42,29,1,0,2,1
25,24,10,0,1,1
38,23,3,0,6,0
33,34,10,1,10,0
30,22,7,1,1,1
35,25,7,1,0,1
32,24,8,0,10,0
38,33,2,0,1,0
41,33,0,1,5,1
43,28,8,0,1,0
42,27,0,0,0,1
30,26,2,0,0,1
26,31,2,1,3,1
32,32,8,0,7,0
30,22,0,0,5,0
18,23,6,0,3,1
42,30,1,1,5,0
24,29,6,0,5,0
26,33,0,0,8,1
41,29,9,0,3,0
18,25,9,0,5,1
29,34,7,0,9,1
25,23,9,0,0,0
41,22,9,1,6,1
28,28,1,1,6,1
36,26,2,0,10,1
34,30,7,0,0,0
25,31,2,0,7,0
20,32,0,1,4,1
20,27,8,0,8,0
18,21,7,0,7,0
44,21,3,0,2,1
22,30,7,0,0,0
27,22,4,0,2,0
24,30,2,0,1,0
43,23,0,0,1,0
26,32,9,1,10,1
24,21,4,1,3,1
26,34,10,0,1,0
25,25,5,0,7,0
29,23,3,0,4,1
19,21,6,0,0,0
18,28,2,0,5,0
33,32,6,0,6,1
40,31,0,1,0,1
40,26,6,0,2,1
41,29,0,0,8,0
22,23,10,0,6,0
20,29,0,0,3,1
29,29,1,1,5,1
25,32,1,1,5,1
39,33,3,0,2,0
44,32,0,1,1,0
20,21,3,0,4,1
18,23,1,1,7,1
20,26,3,0,2,1
22,28,3,0,4,0
32,24,8,0,2,0
31,25,8,0,6,0
20,29,0,1,5,0
18,26,4,0,5,0
22,32,6,0,0,0
43,27,3,1,1,1
40,27,4,0,5,0
31,24,1,0,7,0
24,24,2,1,4,0
44,24,6,1,1,1
26,34,9,0,4,0
32,31,6,0,8,0
32,25,3,1,5,1
43,25,0,0,4,1
27,28,0,0,9,1
30,29,3,0,5,1
36,22,3,0,10,0
24,31,5,0,8,0
34,27,6,1,6,1
37,21,8,0,9,1
21,21,8,1,2,0
22,24,9,0,9,0
40,30,4,0,9,0
24,27,9,0,4,0
30,22,10,1,3,1
32,31,2,0,10,0
28,22,2,0,4,0
21,21,5,1,7,0
30,30,0,1,10,1
24,22,6,0,5,0
44,33,2,0,3,0
36,27,4,0,4,0
39,29,6,0,10,0
19,26,6,1,6,0
27,30,8,0,7,0
30,22,0,0,4,0
42,32,2,0,1,1
38,30,8,0,5,1
23,30,7,1,8,0
29,33,1,1,2,0
29,29,7,0,6,1
37,27,7,0,7,0
28,31,1,0,5,1
43,21,7,0,2,0
40,32,2,0,0,1
42,29,6,1,2,1
24,22,8,0,10,1
18,24,3,0,5,1
18,29,10,0,10,1
42,24,5,0,3,0
44,23,8,0,0,0
42,21,10,1,5,1
37,27,10,0,0,0
30,26,4,0,7,0
26,30,0,0,2,0
20,24,2,0,2,0
24,26,10,0,0,1
23,26,8,0,2,0
25,33,2,1,6,0
44,24,10,1,9,1
26,34,10,1,7,1
22,33,9,0,10,1
18,26,1,0,7,0
36,30,3,0,2,1
27,31,4,0,4,0
29,28,6,0,0,0
41,33,6,0,8,0
32,23,8,1,7,0
44,24,7,0,9,1
39,30,1,1,1,1
41,33,7,0,9,0
26,32,7,0,0,0
37,34,4,1,3,1
34,21,2,0,8,0
34,24,8,1,7,1
43,31,6,0,2,0
37,30,0,0,9,0
29,30,7,0,5,0
24,32,9,0,8,1
19,34,4,1,9,0
20,29,5,0,7,1
34,28,8,0,9,1
22,31,9,1,4,1
34,24,7,1,8,0
41,32,10,0,8,0
34,27,2,0,2,1
44,30,4,1,7,1
34,23,3,1,3,1
19,29,0,1,9,1
19,30,4,0,6,0
39,24,9,0,9,0
40,22,6,0,7,0
22,30,0,0,6,0
18,25,3,0,4,0
18,22,5,0,10,0
36,34,10,0,0,1
19,30,8,0,7,1
38,26,10,1,4,1
29,31,7,1,2,1
43,30,1,0,1,0
23,21,10,1,2,1
40,34,2,1,8,1
21,26,9,0,1,0
40,24,4,0,9,0
28,23,10,0,0,0
41,22,6,0,1,0
44,27,2,0,1,0
34,29,6,0,10,0
23,32,4,0,4,0
41,23,9,0,0,1
22,26,5,0,9,0
37,29,5,0,7,0
19,22,10,0,1,0
23,27,10,0,5,1
39,25,3,0,4,0
28,25,7,1,1,1
33,31,8,0,9,1
33,27,1,0,0,0
18,29,8,1,5,1
26,24,10,1,5,1
44,29,3,0,2,1
23,34,5,0,7,1
33,33,6,0,8,1
20,31,3,0,2,1
37,30,7,0,8,0
44,29,9,0,7,1
21,33,7,1,4,0
36,24,0,0,5,1
43,23,7,0,0,1
20,22,9,0,4,1
36,29,2,1,9,1
37,32,4,0,9,0
24,22,9,0,6,0
37,26,7,0,0,0
26,25,10,0,9,0
18,34,5,0,8,0
25,25,3,1,6,1
24,24,3,0,3,0
35,26,3,0,10,0
25,25,5,0,3,0
18,31,6,1,10,1
28,24,4,0,9,1
42,33,9,1,6,1
42,29,7,0,5,1
35,33,6,0,2,0
40,26,7,1,8,1
27,31,3,0,5,0
20,30,7,0,10,1
24,30,5,0,1,0
33,33,2,0,9,0
43,30,7,0,1,0
33,33,6,0,0,0
42,23,9,0,10,0
37,30,4,0,4,0
34,26,10,0,9,1
19,34,3,0,5,0
18,21,0,0,2,0
33,25,9,0,3,1
29,30,2,1,4,0
22,26,1,0,3,0
22,31,7,0,8,1
44,28,7,0,2,0
40,31,4,0,4,0
26,29,4,0,6,0
26,31,10,0,6,0
20,23,3,0,5,1
36,22,0,0,8,0
33,33,0,0,6,0
33,24,5,0,10,0
20,28,3,0,3,1
37,31,3,0,10,0
41,28,2,0,9,1
39,23,8,1,8,0
41,24,2,0,5,1
18,23,7,0,0,0
41,30,1,1,8,0
37,22,3,0,10,0
28,24,0,1,6,0
34,26,10,0,5,1
25,31,4,0,5,0
21,34,1,0,3,0
23,31,10,0,3,1
25,25,0,1,10,1
37,23,0,1,2,0
20,22,1,0,7,1
33,29,4,0,7,0
42,21,8,1,1,1
20,29,5,1,4,1
42,21,3,0,8,0
35,34,2,1,8,0
31,27,7,1,6,1
35,26,2,0,3,0
19,27,0,0,3,0
39,23,3,1,9,1
20,34,10,0,10,1
33,23,4,0,6,0
26,33,4,0,2,1
21,31,4,1,2,0
18,21,7,0,4,0
21,24,7,0,10,0
18,32,3,0,5,0
31,22,8,0,7,0
38,30,0,1,0,0
33,28,4,1,6,0
37,23,4,0,7,0
41,27,4,0,4,0
25,27,7,0,9,0
24,32,8,0,1,0
20,29,2,1,3,1
34,26,8,1,5,0
18,21,10,0,8,0
33,28,7,0,1,0
29,21,2,0,3,1
44,23,1,0,9,0
36,31,3,0,4,1
39,25,1,0,7,0
40,28,3,0,7,0
39,29,4,0,1,0
31,27,1,1,5,0
23,29,7,0,5,1
23,31,0,1,4,0
30,23,2,0,7,0
36,33,6,0,9,0
39,25,9,0,1,1
25,30,0,0,1,0
44,28,10,0,6,0
44,32,1,0,8,0
19,21,2,1,2,0
38,28,1,1,6,1
18,27,1,0,2,0
32,21,10,0,5,0
18,33,5,0,2,1
22,33,6,0,0,1
33,30,5,0,5,0
36,32,10,1,10,0
21,30,5,0,2,1
20,32,8,1,0,1
34,26,7,0,4,1
34,21,7,0,7,1
29,22,5,0,7,0
31,25,4,0,7,0
38,22,8,1,2,1
23,34,1,1,7,1
20,30,6,0,3,1
26,21,5,1,7,1
22,26,6,0,2,0
41,28,3,0,2,0
34,28,8,1,0,1
31,33,6,0,7,0
38,33,1,0,7,1
20,28,3,0,8,0
18,31,4,0,5,0
37,26,1,0,1,0
38,31,9,0,0,0
40,23,7,0,7,1
18,21,0,0,9,0
20,22,2,0,3,0
35,25,0,1,10,0
42,33,4,0,10,0
27,30,7,0,6,1
39,25,6,0,9,1
43,30,8,0,3,0
20,34,1,0,0,0
25,21,7,1,7,1
31,21,7,0,9,0
41,29,5,0,8,0
35,22,2,1,9,1
32,27,1,1,8,1
39,30,7,0,8,0
40,24,5,0,10,0
19,27,3,0,10,0
44,28,4,0,3,0
27,25,4,0,8,0
19,33,8,0,10,1
43,32,8,0,3,0
34,32,7,1,1,0
25,21,7,0,9,0
18,24,1,0,2,0
26,30,2,0,1,1
28,23,7,0,0,1
39,30,4,0,10,1
33,32,6,0,5,0
24,25,7,1,3,1
27,30,5,0,6,1
40,33,4,0,6,1
43,30,7,0,9,1
20,33,0,1,0,1
35,26,0,1,8,0
42,22,0,1,7,1
41,27,2,0,9,1
30,33,9,1,0,1
43,23,5,1,7,0
24,21,5,0,4,1
42,30,4,0,0,1
21,23,6,1,3,1
30,29,4,1,6,1
37,30,1,1,4,1
18,31,3,0,10,1
25,31,0,1,2,0
31,26,6,0,10,0
33,31,3,0,3,0
31,26,3,1,1,1
29,24,3,1,7,1
36,28,2,0,1,0
40,25,7,1,10,1
32,27,3,0,5,1
19,29,7,0,6,0
19,33,8,1,6,0
40,33,0,1,0,1
39,34,3,0,7,1
36,25,5,0,8,0
42,31,7,0,6,1
43,34,5,1,7,1
39,25,5,1,3,1
43,34,9,1,7,0
43,24,3,0,2,1
39,26,8,1,0,1
34,22,6,1,7,1
37,23,10,0,10,0
27,21,5,0,5,0
23,22,0,0,8,1
32,22,1,1,2,1
39,28,5,0,7,1
28,28,10,1,8,1
22,22,0,0,8,0
18,33,10,0,6,0
25,34,4,1,10,1
38,26,0,0,9,0
29,25,2,0,2,1
29,23,6,0,2,1
22,25,4,0,1,1
24,25,9,1,0,1
21,25,0,1,1,0
23,23,0,0,4,0
30,23,7,1,0,1
37,24,10,0,9,0
32,27,8,0,3,0
20,32,6,1,10,1
40,32,2,0,9,0
25,32,5,0,9,0
37,34,2,1,0,1
33,22,9,0,9,0
30,30,3,0,7,0
35,24,3,0,4,1
27,24,2,1,9,0
36,21,9,0,3,1
34,30,5,0,2,0
41,28,4,1,8,1
36,21,10,1,5,1
43,28,8,0,0,0
40,27,8,0,7,0
43,29,2,0,9,0
22,28,8,0,1,0
43,25,2,0,8,0
38,28,3,0,10,1
40,34,0,0,6,0
26,31,4,0,2,0
29,30,8,0,3,1
38,32,1,1,2,1
18,32,3,0,5,1
43,23,9,0,8,1
43,30,1,1,9,0
18,27,7,0,8,1
32,32,8,0,0,1
19,24,2,1,9,0
39,25,8,0,5,1
33,29,5,0,0,0
42,27,5,1,10,1
25,24,6,0,3,1
30,26,4,1,6,1
38,30,5,1,3,1
18,34,10,0,8,1
33,31,0,0,9,1
24,27,2,1,4,0
22,33,8,0,8,1
39,30,4,1,0,1
40,33,4,0,3,1
20,29,7,0,6,1
29,24,10,0,1,0
43,30,10,0,8,1
33,23,1,0,2,1
36,28,6,0,3,0
22,21,8,1,3,0
39,29,6,0,7,1
42,33,4,0,1,0
31,21,5,0,4,0
22,22,3,1,1,1
32,33,6,0,5,0
34,28,0,1,8,0
31,29,3,1,8,1
37,27,2,0,0,0
22,23,3,0,3,0
29,27,0,0,3,0
33,26,1,0,0,0
43,22,10,0,9,0
43,23,8,0,1,1
33,31,6,0,5,1
38,33,5,0,9,1
24,32,1,0,2,0
21,33,0,1,8,1
18,30,1,0,2,1
22,30,6,0,2,0
40,33,1,1,8,1
43,32,2,0,2,0
27,25,7,0,5,0
39,30,6,0,5,1
22,24,10,1,0,1
21,22,10,0,6,0
19,24,10,0,8,0
37,32,8,0,8,0
27,28,3,0,8,0
43,25,6,0,1,1
36,25,0,0,0,1
43,33,10,0,5,0
18,32,10,0,5,1
41,32,1,0,3,0
22,30,6,1,7,1
30,23,1,1,4,1
21,33,5,0,6,0
33,28,9,1,8,1
41,26,8,0,0,0
33,22,10,1,8,1
40,22,4,0,3,0
19,29,9,0,6,0
34,33,6,1,10,1
44,27,0,1,3,1
37,30,7,0,3,0
41,29,8,0,3,0
29,34,4,1,5,1
35,26,5,0,4,0
20,25,10,1,1,0
18,32,7,1,8,1
18,21,3,1,10,1
36,32,1,0,5,1
28,26,9,0,9,0
22,26,7,0,5,1
29,23,1,1,8,1
20,23,4,1,0,0
18,23,5,0,6,0
18,23,4,1,2,1
25,27,5,0,3,0
27,30,5,1,0,1
28,31,2,0,2,1
29,22,10,0,6,0
30,30,10,0,5,1
29,33,2,0,0,0
31,30,8,1,8,1
19,22,2,0,3,0
36,23,2,1,6,1
35,30,10,1,3,1
20,32,1,0,6,0
40,27,6,1,4,1
34,23,9,0,0,1
43,27,9,1,3,0
25,29,3,0,2,0
43,31,0,1,5,1
27,30,5,0,5,1
43,32,4,1,0,1
19,31,10,0,10,1
36,24,1,0,1,1
26,27,5,0,1,0
24,29,0,0,9,0
21,34,2,0,3,0
43,28,3,1,8,1
38,28,2,0,10,0
35,29,5,1,1,1
30,34,10,1,10,1
28,25,3,0,7,1
41,34,0,0,10,1
21,25,4,1,0,1
42,23,4,0,7,0
38,25,8,0,2,1
42,28,7,0,4,1
21,32,7,1,0,0
27,25,4,0,0,0
22,24,7,0,5,0
26,28,9,0,2,0
41,27,6,0,7,1
20,34,0,0,3,0
34,34,6,1,5,1
20,26,10,0,9,0
33,25,7,1,8,1
21,34,2,0,7,1
35,25,8,0,3,1
34,33,7,0,9,1
24,30,1,1,7,0
41,22,5,1,6,1
40,33,3,0,4,0
22,24,2,0,6,0
29,28,10,1,6,0
34,28,5,0,9,1
40,31,9,0,1,1
30,21,8,0,6,1
40,22,1,0,2,0
42,25,9,0,7,1
20,29,9,0,7,1
26,30,9,0,8,0
34,31,4,0,10,0
34,32,5,1,3,1
37,33,3,0,9,1
33,31,6,0,2,1
42,27,1,0,8,0
39,30,6,1,8,0
30,25,1,0,1,0
44,21,0,1,5,1
36,26,10,0,2,1
34,32,4,1,4,1
21,28,1,0,1,0
29,27,7,0,3,1
26,22,7,1,10,0
36,32,0,0,2,1
29,25,3,1,1,1
26,34,8,0,5,1
24,31,4,0,10,1
31,24,10,1,2,1
37,29,9,1,3,1
36,30,5,1,5,1
43,21,2,0,4,0
32,32,4,1,3,0
33,26,0,0,3,0
38,23,7,0,1,0
22,31,10,0,9,1
20,29,5,1,3,0
29,25,1,0,7,0
42,33,3,1,4,1
37,26,3,0,10,0
44,31,8,0,9,0
38,29,8,0,9,1
21,29,4,0,7,0
38,28,2,0,5,1
40,29,0,0,9,0
33,24,5,0,4,0
42,26,7,0,3,0
24,25,0,0,9,1
30,25,10,0,8,1
38,24,0,0,9,1
27,22,10,0,4,1
43,32,6,0,9,0
24,26,6,0,10,0
31,29,1,0,5,1
43,32,2,1,6,1
22,21,1,0,10,0
20,34,5,1,10,0
40,27,7,1,0,1
28,26,7,1,8,1
28,23,0,1,7,1
35,21,10,0,10,1
32,33,8,0,4,0
29,24,10,0,2,1
26,34,7,0,4,0
27,29,8,0,4,1
43,22,8,0,8,0
29,23,10,1,6,1
34,22,5,0,1,0
23,34,2,0,4,0
24,22,0,0,8,0
31,30,10,1,10,1
30,31,7,0,1,1
25,31,9,0,7,1
27,28,2,1,2,1
26,23,6,0,3,0
35,27,9,1,1,1
44,28,5,1,8,0
43,23,2,0,5,0
19,22,5,0,8,0
22,33,2,0,10,0
22,33,8,0,7,0
23,28,0,1,8,0
36,23,7,0,4,1
25,27,4,1,5,1
33,32,3,0,6,0
30,21,0,1,4,0
18,34,8,0,0,0
39,32,8,0,8,1
37,26,4,0,1,0
34,32,10,0,6,1
24,32,8,0,7,1
42,33,9,0,7,1
30,29,8,0,0,1
21,32,6,0,9,0
21,23,7,0,6,0
23,34,0,1,8,1
36,27,3,0,10,0
29,33,9,1,10,1
39,26,9,1,2,0
24,28,3,1,7,0
44,23,8,0,7,1
27,23,2,0,8,1
43,24,9,0,7,1
36,23,9,0,4,1
24,29,0,0,4,0
20,31,10,0,2,1
30,24,4,0,5,1
30,26,6,0,9,0
35,28,3,1,2,1
43,31,8,0,1,1
37,33,5,0,6,0
25,28,5,0,9,1
26,25,2,0,2,1
24,25,9,0,3,0
18,26,9,0,10,0
20,30,4,0,9,0
30,27,9,0,7,1
42,33,5,0,0,0
34,33,3,0,8,1
42,30,2,0,5,0
41,34,4,1,1,0
18,27,6,0,2,0
23,33,10,0,4,1
38,24,5,0,10,0
23,26,1,0,5,0
43,27,0,1,8,1
29,25,4,0,1,0
30,25,4,0,4,0
30,22,5,0,6,0
32,27,2,1,10,0
38,32,0,1,10,0
33,26,3,1,6,0
39,31,3,0,3,0
38,21,9,1,2,1
28,24,1,0,7,1
22,23,7,0,1,1
21,32,5,1,4,1
20,23,2,1,9,1
36,27,0,0,4,0
37,31,10,1,0,1
42,32,2,0,6,0
35,30,7,0,3,1
32,24,3,1,9,1
26,32,2,0,1,0
34,28,10,0,7,1
31,31,3,0,3,0
32,29,10,0,0,1
18,23,3,0,7,0
38,25,1,0,10,1
39,24,3,1,6,1
39,34,10,0,2,1
20,32,8,0,2,0
33,30,3,1,6,0
40,26,0,0,1,0
42,31,0,0,4,1
28,30,0,0,6,1
29,24,4,0,5,1
27,28,5,1,9,1
33,23,5,0,6,0
25,31,5,0,1,0
23,25,8,0,6,1
29,33,0,0,1,0
41,21,9,1,6,0
38,33,5,0,7,0
25,26,7,0,9,0
43,31,7,1,7,1
21,25,2,0,4,0
43,28,4,1,6,0
25,29,9,0,10,0
43,28,3,0,7,0
35,28,0,0,3,1
22,32,8,1,1,1
26,34,4,1,6,0
21,33,1,1,0,0
44,23,1,0,1,0
39,24,10,0,9,0
34,31,6,0,6,1
26,24,3,1,9,1
18,34,0,0,0,0
38,31,4,0,6,0
37,25,1,0,4,0
30,33,6,0,10,0
33,29,8,0,2,1
30,32,0,0,10,0
31,29,1,0,1,0
20,30,10,0,6,0
23,33,5,1,8,1
35,32,7,0,8,0
36,34,6,1,9,0
22,21,8,1,9,0
32,34,1,0,7,0
42,34,8,0,1,1
19,28,3,0,0,0
27,34,10,0,7,1
41,21,2,0,1,0
35,22,6,0,3,1
44,27,4,0,3,0
30,28,4,0,1,1
22,21,1,0,3,0
40,23,5,1,6,1
41,27,5,0,5,0
18,33,3,0,9,0
39,29,4,0,5,1
18,28,6,0,3,0
35,28,7,0,1,0
32,29,5,0,4,0
34,30,4,0,10,0
28,23,2,0,2,0
38,28,6,0,2,0
43,21,7,0,3,1
42,28,2,1,10,1
39,33,4,0,10,1
44,27,10,0,4,0
44,33,1,0,10,0
34,28,9,0,1,1
30,21,9,0,5,0
18,26,3,0,5,0
19,27,3,1,7,1
26,34,7,0,1,1
20,31,2,0,7,0
18,25,4,0,7,0
38,34,10,0,3,1
33,25,4,0,6,0
40,27,1,0,6,0
23,31,8,1,0,1
34,23,3,0,0,1
22,26,8,0,7,0
22,27,8,1,10,1
23,21,1,1,0,1
38,22,8,1,5,1
40,32,1,1,7,1
22,24,10,1,4,1
38,33,5,1,4,0
22,28,8,1,3,1
27,31,3,0,3,0
27,33,1,1,6,0
36,34,6,0,5,1
34,30,8,0,7,0
38,26,5,0,10,1
31,21,10,1,5,1
26,30,10,0,10,0
31,25,3,1,9,1
18,27,0,0,6,0
36,33,3,0,9,0
30,26,2,0,9,1
30,33,6,0,4,1
21,33,10,1,5,0
18,32,10,0,0,0
34,29,9,0,2,1
25,28,4,0,7,0
19,24,2,1,2,1
25,33,1,1,0,1
24,31,1,0,2,0
43,32,4,0,3,1
43,25,7,0,7,1
19,27,7,0,8,0
39,28,4,0,3,0
39,25,1,1,6,1
20,29,3,1,0,1
44,34,6,0,8,1
35,30,5,1,10,1
29,32,9,0,3,0
18,24,6,0,8,0
39,24,4,0,2,1
29,33,1,0,10,1
22,28,7,0,4,1
44,21,1,0,0,0
42,28,7,1,10,1
34,25,6,1,2,1
33,33,2,0,4,0
32,34,3,0,5,0
40,31,6,0,7,0
32,21,3,0,0,0
22,24,8,1,2,0
38,22,6,0,0,0
31,24,0,0,4,1
19,28,0,0,7,1
28,25,3,1,3,1
36,21,8,0,10,1
24,27,3,1,8,1
23,21,4,0,5,1
19,29,0,0,5,0
23,23,1,0,10,0
35,32,10,1,4,0
19,23,3,0,9,1
35,26,3,0,4,0
32,30,10,0,10,1
44,26,9,0,6,0
36,33,5,1,7,0
19,31,5,1,6,0
37,31,7,1,0,1
42,26,8,0,0,1
23,33,0,0,9,0
18,21,0,1,5,0
41,25,5,1,2,0
32,32,3,0,8,1
40,26,10,0,10,0
27,28,3,1,6,0
36,33,0,0,1,0
34,21,8,0,2,0
22,25,10,0,7,0
21,23,2,1,0,1
27,22,4,0,4,0
41,31,9,0,9,0
34,28,0,1,0,0
27,27,7,0,8,0
34,30,2,1,6,1
37,27,0,0,4,0
41,25,9,1,5,0
22,32,5,0,10,0
19,33,0,0,2,0
23,29,2,0,2,0
38,25,4,0,6,0
19,22,3,0,6,0
30,23,6,0,6,0
28,24,5,0,1,0
28,25,2,0,1,1
33,33,10,0,10,1
28,23,7,0,4,0
36,32,7,0,3,0
32,34,1,0,6,1
42,27,6,0,2,0
40,25,0,0,4,0
40,25,1,0,1,0
33,26,7,1,0,1
28,27,0,0,8,0
39,30,1,0,3,1
33,30,0,0,7,1
25,28,4,0,6,1
21,29,6,1,0,1
25,31,5,1,9,1
41,25,5,1,6,0
42,25,7,0,1,0
20,28,4,0,2,0
20,29,9,0,0,0
44,27,6,1,6,1
35,25,2,0,2,0
43,23,8,0,5,0
36,21,9,0,6,0
36,31,2,0,2,0
38,29,5,0,1,0
22,25,2,0,8,0
35,29,0,0,8,1
27,30,0,0,6,0
39,32,2,0,4,0
38,33,3,0,3,0
23,34,1,0,3,0
18,24,8,0,0,0
22,25,10,1,3,0
26,24,7,0,6,1
29,22,2,0,4,0
43,32,6,0,8,1
31,21,3,0,3,0
19,28,4,1,10,1
34,24,3,0,2,0
31,25,8,1,5,1
43,26,10,0,3,1
30,34,6,0,10,0
44,28,3,1,1,0
26,31,7,0,4,0
43,28,1,0,3,0
42,27,6,1,4,1
32,24,10,0,8,0
42,26,0,0,3,0
39,24,7,0,5,0
32,34,5,1,3,1
41,27,4,1,0,0
28,32,8,0,1,0
33,33,8,1,5,0
34,32,2,0,7,0
43,33,8,0,8,1
21,33,8,0,3,1
18,31,1,1,5,0
25,34,4,1,2,1
34,21,10,0,8,1
20,25,1,0,7,0
37,34,0,1,0,0
32,30,6,1,1,1
32,32,3,0,9,0
41,30,4,0,8,1
39,24,3,1,9,1
31,31,5,1,2,1
43,27,10,1,2,1
40,33,1,0,9,0
31,29,7,1,8,1
41,25,3,1,2,0
19,24,7,0,9,0
30,29,2,1,10,1
43,25,10,1,4,0
31,29,4,0,5,0
44,28,2,0,2,0
41,24,6,0,9,1
36,31,2,0,7,1
24,31,7,0,1,0
20,27,8,0,5,0
32,25,1,1,1,0
40,30,2,0,8,0
31,24,6,1,5,1
28,25,4,0,8,1
32,25,9,0,3,0
30,31,6,0,2,0
35,29,1,0,1,1
43,32,3,0,7,0
23,29,0,0,3,1
20,26,4,1,1,1
36,34,7,1,10,0
32,24,0,1,8,1
42,22,6,1,7,1
40,34,6,0,4,0
22,23,6,0,7,0
27,22,0,0,4,1
24,25,10,1,6,0
42,26,2,0,4,0
34,31,10,0,4,1
24,25,1,0,3,1
39,22,4,0,4,1
43,32,1,0,6,0
29,25,4,0,2,0
42,29,4,0,3,0
34,24,3,0,7,0
30,32,10,0,5,0
37,30,6,0,7,0
42,22,9,0,10,0
21,23,5,1,1,1
27,23,1,0,8,1
20,29,3,1,6,1
26,24,10,0,4,0
30,21,6,0,10,0
35,21,8,0,6,0
32,27,8,0,1,0
21,27,2,0,10,1
32,22,0,0,3,0
39,29,8,0,6,0
19,29,7,0,1,0
32,25,6,0,7,1
25,23,5,1,9,1
25,23,9,0,9,0
34,32,6,1,10,1
29,23,10,1,4,0
36,26,8,1,4,0
27,24,5,0,7,1
26,28,9,0,0,0
22,33,2,1,5,0
23,31,2,0,1,1
37,33,3,0,0,0
43,31,9,0,6,0
19,31,9,0,3,1
44,25,7,1,0,0
41,21,9,1,9,1
44,29,8,1,10,1
30,21,7,0,10,1
23,26,10,0,5,1
22,21,9,0,9,1
42,23,1,0,5,0
18,30,3,0,2,0
38,25,3,0,5,1
39,30,1,0,9,1
38,27,7,0,8,1
23,34,2,1,5,1
23,30,1,1,0,0
40,28,6,0,9,1
33,32,0,0,5,1
21,29,5,1,7,1
28,26,2,1,6,1
41,31,2,1,7,1
40,29,4,0,10,0
26,28,2,0,7,0
40,29,3,0,8,1
20,30,2,0,2,0
36,24,6,0,6,1
25,29,2,1,5,0
22,27,9,0,1,1
21,25,3,1,4,0
41,25,1,0,2,0
23,21,1,0,10,0
19,22,8,0,4,0
37,30,10,0,10,1
28,23,0,1,8,0
21,34,0,0,7,0
32,34,9,1,8,0
39,26,2,1,10,1
34,32,1,0,7,1
41,30,2,0,7,0
23,31,4,0,10,1
36,33,8,0,10,1
42,34,1,1,5,1
19,25,10,0,5,0
32,33,0,1,5,0
28,21,10,1,9,1
25,32,5,1,5,0
43,31,2,0,10,0
36,32,6,0,8,1
30,29,5,0,9,1
29,23,10,1,0,0
22,23,6,0,9,0
23,22,4,0,5,1
43,24,0,0,7,0
39,32,2,0,0,0
21,22,2,0,10,0
36,33,6,0,10,1
37,29,2,1,5,0
18,32,10,0,8,1
37,30,4,1,5,1
34,27,3,0,1,1
29,28,3,0,0,1
32,23,6,1,3,1
18,26,0,0,5,0
43,30,6,1,9,1
31,26,7,1,9,1
23,33,2,0,8,0
22,21,2,0,4,0
28,26,3,0,6,0
21,33,5,1,5,1
30,34,6,0,5,1
28,23,0,1,8,1
20,31,3,0,4,0
18,23,6,0,1,0
23,23,10,0,7,1
35,30,1,0,10,0
41,31,0,1,2,1
27,31,0,0,8,1
22,30,9,0,4,1
40,31,5,0,0,0
27,28,4,0,3,0
29,33,0,0,8,1
19,25,9,0,0,0
30,24,2,0,7,0
25,33,10,0,7,1
19,29,6,1,8,0
37,29,8,0,8,0
18,21,8,0,5,0
22,22,5,0,4,0
26,28,2,1,6,1
34,25,0,0,8,0
26,27,2,1,4,1
28,21,9,0,2,0
32,32,1,0,8,0
41,30,10,0,9,0
23,32,4,1,0,1
40,25,7,0,0,1
20,31,4,0,9,1
34,32,0,0,10,0
22,23,2,0,3,0
29,30,4,0,1,0
35,32,6,0,6,0
31,32,4,0,1,0
38,34,9,1,6,1
41,22,4,0,7,0
28,22,6,0,10,1
26,29,7,0,7,0
19,33,7,1,2,1
29,24,6,1,8,1
20,24,2,1,9,1
20,27,10,0,9,1
18,30,1,0,9,0
25,30,0,0,5,0
39,33,5,1,3,1
25,22,8,0,7,0
28,23,2,0,3,0
26,23,4,0,3,1
22,26,8,0,10,1
31,23,8,1,7,0
20,31,6,1,3,1
38,25,3,0,0,0
22,24,10,0,5,0
22,23,1,0,7,1
36,28,1,0,2,0
44,34,3,0,1,0
31,30,0,1,5,0
43,23,3,0,0,1
21,26,10,1,10,1
42,33,5,1,4,0
30,27,5,1,5,0
27,27,6,0,7,1
42,22,4,0,6,0
35,34,8,1,5,1
25,23,1,1,1,0
25,32,1,1,7,1
24,30,3,1,7,1
25,30,3,0,10,0
31,24,3,0,4,1
36,27,0,0,2,0
23,22,3,0,10,1
18,23,4,0,7,1
40,27,8,0,4,0
32,27,2,0,2,0
18,30,2,0,8,0
42,23,4,0,8,0
34,32,9,1,6,0
18,21,5,1,7,1
32,32,2,1,4,1
40,23,0,0,4,1
19,25,9,0,4,0
31,27,7,1,1,0
38,24,0,0,2,0
25,33,1,0,7,1
25,33,2,0,5,1
36,31,5,0,8,1
24,31,3,0,6,0
36,21,3,0,5,0
23,26,8,0,10,0
23,22,5,0,3,0
20,32,1,1,6,0
24,23,6,0,3,0
36,24,2,0,6,1
25,26,8,0,4,1
27,26,5,1,1,0
37,27,7,0,6,0
32,25,0,0,7,0
32,27,1,0,9,1
18,22,5,1,10,1
37,21,2,1,1,0
24,32,0,0,5,0
44,30,5,1,3,1
21,28,4,0,4,0
23,21,8,0,0,0
42,32,5,1,5,1
18,22,4,0,10,0
22,31,0,0,7,1
40,30,10,0,0,1
18,26,0,0,8,0
21,21,6,0,1,1
39,30,5,0,7,1
19,23,4,0,4,0
27,27,3,0,1,0
22,32,10,0,4,0
44,28,10,1,8,1
27,24,7,0,5,1
18,32,10,0,2,0
39,23,7,0,7,0
23,21,4,0,0,0
30,32,3,0,8,0
32,29,1,0,8,0
21,30,6,1,3,1
41,26,2,0,10,1
37,29,8,0,10,1
41,21,8,0,2,1
32,26,10,0,5,1
25,32,10,0,9,1
22,25,9,1,9,0
32,33,10,1,7,1
21,31,7,1,10,1
29,26,0,1,8,1
30,34,2,0,7,0
19,31,1,0,8,0
44,28,3,0,3,0
36,25,1,0,9,0
36,22,10,1,0,1
21,32,7,0,6,0
21,32,0,1,10,0
43,22,3,1,9,1
28,30,4,1,3,1
44,25,9,1,0,1
22,23,3,0,2,0
37,30,7,0,6,0
28,23,1,0,10,0
27,28,8,1,2,0
25,27,1,0,0,0
23,21,1,0,6,1
23,32,1,0,7,1
25,33,9,0,4,1
40,32,7,0,5,0
32,25,2,1,2,1
43,29,9,0,4,0
31,24,10,0,2,0
28,21,9,0,1,0
29,28,7,0,6,1
43,25,6,0,9,0
30,22,9,0,10,1
25,32,3,0,6,0
35,21,6,0,7,0
42,34,10,1,0,1
18,32,7,1,1,0
32,32,5,0,1,1
25,32,5,0,2,0
28,23,2,0,6,1
29,29,4,0,6,1
29,21,9,0,6,0
21,24,1,0,0,0
33,28,4,1,1,1
21,28,4,0,7,0
22,30,6,1,8,1
41,32,3,0,9,0
22,31,10,0,6,1
25,33,5,0,0,0
27,31,8,1,3,1
34,28,3,0,9,0
43,30,10,1,7,1
26,28,5,0,4,0
39,24,8,0,0,0
36,28,9,0,6,0
31,29,0,0,5,0
25,27,7,0,8,1
26,34,0,0,3,1
39,32,3,0,3,1
28,22,2,0,7,1
40,29,3,1,3,1
18,31,6,0,2,1
31,28,8,0,6,1
22,33,8,1,4,0
38,25,9,0,8,0
43,32,0,0,4,0
31,23,9,1,8,1
21,27,0,0,5,0
39,34,8,1,5,1
40,34,3,0,10,1
42,22,2,0,5,1
18,33,8,0,6,1
39,23,4,0,10,1
40,32,5,0,3,1
36,29,0,0,3,0
25,24,0,0,8,1
32,24,6,0,6,1
38,23,9,0,10,0
32,25,7,0,9,0
26,23,10,0,5,1
38,29,7,0,0,0
26,23,6,0,6,0
27,22,10,0,5,0
37,32,8,0,3,0
42,25,0,0,7,1
38,26,1,0,6,0
43,21,2,0,7,0
26,34,4,0,8,1
20,32,3,0,0,0
37,31,3,0,2,0
42,26,7,1,1,1
43,30,7,0,2,1
28,23,10,0,10,0
23,24,6,0,10,0
19,26,0,1,1,1
24,28,9,1,10,1
35,29,3,0,5,1
44,26,0,0,8,0
19,27,10,0,1,1
44,34,4,1,3,1
34,25,2,0,4,0
28,34,2,0,4,0
44,32,3,1,0,1
29,29,1,0,5,0
44,24,6,0,4,1
36,30,3,1,5,1
39,31,4,1,3,1
41,26,1,0,10,0
42,25,5,1,5,1
24,21,8,1,8,1
37,25,7,1,0,1
23,33,7,0,5,0
38,25,1,0,0,0
41,34,3,0,6,1
18,29,7,1,3,1
34,21,10,0,5,1
28,25,0,0,6,0
39,27,7,0,10,1
43,31,2,0,4,1
35,26,7,0,8,1
38,26,5,0,7,1
34,32,6,1,2,1
24,27,1,0,0,0
34,26,0,0,10,1
37,25,5,1,9,1
26,30,2,0,7,1
34,25,3,0,3,0
37,29,8,1,6,1
39,34,2,0,3,1
39,28,1,0,6,1
25,34,1,1,0,0
34,32,1,0,0,1
18,34,1,0,4,0
30,24,10,0,10,1
40,24,6,0,9,0
36,30,6,0,5,0
44,25,6,0,1,0
41,33,1,0,0,0
36,33,6,1,8,0
34,23,9,0,6,1
30,28,7,0,7,1
33,27,7,0,5,0
25,25,1,1,8,0
36,30,4,1,7,0
35,23,5,1,3,0
18,25,8,0,4,0
31,23,5,0,1,0
36,30,9,0,0,0
32,25,5,0,5,1
35,21,9,1,2,0
19,26,9,0,10,1
39,30,5,0,3,0
34,24,8,1,0,0
35,24,9,0,5,1
23,28,6,1,7,0
36,22,0,0,9,1
21,24,0,1,3,0
18,22,3,1,9,0
25,21,1,0,7,0
40,30,2,0,10,0
24,33,6,0,9,1
20,33,6,0,2,1
27,23,2,1,10,1
27,32,1,0,6,0
36,28,0,0,2,1
31,26,8,1,5,1
19,32,9,0,3,0
18,27,2,0,5,1
40,22,8,1,6,1
40,26,3,0,7,1
35,34,9,0,5,1
24,28,5,0,3,1
25,28,6,1,8,1
18,24,9,0,6,1
42,26,5,0,8,0
40,34,0,0,2,0
20,25,5,0,4,0
41,29,10,0,0,0
40,28,5,1,10,0
44,22,4,0,7,0
25,32,2,0,0,0
39,33,9,0,0,0
42,27,2,0,6,0
32,27,10,0,10,1
22,31,9,0,7,1
20,34,6,0,2,1
36,34,7,1,1,1
18,32,2,0,6,1
32,21,2,0,9,1
25,21,6,0,4,0
19,32,9,0,0,0
20,24,6,0,1,0
41,25,10,0,2,1
31,24,8,1,5,1
41,27,5,0,0,0
31,23,6,0,7,0
28,27,10,0,1,0
33,33,9,1,4,1
21,28,0,0,7,0
37,26,6,0,4,1
22,26,1,0,7,0
39,28,6,1,5,1
38,28,2,0,6,0
31,27,8,0,7,0
40,26,4,0,2,0
33,26,6,1,4,1
35,30,7,0,9,1
24,31,1,1,6,1
27,33,10,1,8,1
24,33,0,0,5,0
18,26,6,0,9,1
40,28,5,0,0,1
38,21,5,0,10,0
36,25,1,0,7,0
33,23,2,0,5,0
36,32,3,0,0,0
21,28,2,0,3,1
35,31,1,1,5,1
19,26,2,0,9,1
18,34,5,0,0,1
32,22,8,0,9,0
22,33,3,0,4,0
37,27,5,0,2,1
28,27,0,0,6,0
27,33,5,1,7,1
19,25,2,0,2,0
20,28,8,0,9,1
40,34,3,1,2,0
40,25,6,0,10,0
29,21,3,0,2,0
37,29,10,0,10,1
22,24,5,0,5,1
22,33,6,1,5,1
23,22,1,0,2,1
26,24,9,0,5,0
19,34,5,0,8,0
38,33,7,0,10,0
29,29,5,1,7,0
20,22,1,0,10,0
37,24,3,0,6,0
43,22,0,1,6,1
39,25,6,0,7,1
29,23,7,0,6,0
41,30,9,1,2,0
34,22,1,0,7,0
27,34,9,0,7,1
41,29,4,0,0,0
44,25,10,0,9,0
31,30,7,0,4,1
40,25,10,1,4,1
34,21,7,0,0,0
35,26,4,0,5,0
36,33,7,0,5,1
34,27,5,1,3,1
31,21,4,0,5,0
26,29,10,1,5,1
25,28,3,0,0,0
19,32,4,0,4,0
30,34,3,1,1,1
42,34,0,0,6,0
24,28,2,0,8,0
26,27,7,0,8,0
39,25,6,0,10,0
39,23,6,1,8,1
28,32,10,0,10,1
31,34,2,1,6,0
21,29,8,1,6,1
43,34,5,0,0,0
43,27,7,0,10,0
30,31,7,0,10,0
19,30,2,1,5,1
40,30,3,1,4,1
22,28,5,0,7,0
28,34,1,0,7,1
23,26,10,0,10,0
35,32,6,0,3,1
38,34,1,1,0,1
27,31,10,0,5,1
21,34,4,1,9,1
26,25,3,0,0,0
23,28,8,1,4,1
19,23,1,0,4,0
34,32,6,1,2,0
22,33,6,1,4,1
42,33,6,0,5,1
23,27,0,1,4,1
43,22,7,0,0,0
29,23,1,1,6,1
40,33,4,1,2,1
38,32,1,0,6,0
39,25,6,1,2,0
38,27,5,0,10,1
44,31,4,0,5,0
42,30,3,1,0,1
23,31,7,0,5,1
44,31,10,1,3,0
25,31,7,0,3,0
19,30,0,0,4,0
29,33,9,0,8,0
30,34,1,0,0,1
42,21,2,1,2,1
38,33,0,0,10,0
24,30,10,0,3,1
27,29,2,0,1,1
30,21,9,1,8,0
34,21,7,1,10,1
43,34,3,1,6,0
38,32,6,0,0,0
43,30,6,0,8,1
31,28,10,1,5,1
19,26,4,1,1,1
39,26,0,0,0,0
28,32,9,0,5,1
18,29,3,0,6,0
36,24,6,0,9,1
38,28,4,0,5,1
21,24,1,0,6,0
36,34,7,1,5,1
43,22,1,0,7,0
38,31,10,0,1,0
28,28,7,0,8,1
25,32,10,0,8,1
28,27,1,0,10,0
21,24,10,1,8,1
34,29,4,0,6,1
44,29,3,1,8,1
24,28,0,0,0,1
25,34,7,1,2,1
20,21,9,0,1,0
39,27,2,0,10,0
19,25,3,0,0,1
40,27,3,1,4,0
32,32,4,0,0,1
41,29,2,0,2,0
39,22,8,0,5,0
39,33,3,0,5,0
22,34,9,0,2,1
41,31,10,0,3,0
18,24,10,1,6,1
43,24,3,1,5,1
21,22,5,0,10,1
32,23,7,0,1,1
37,31,6,0,8,0
36,34,3,0,5,1
20,34,3,0,1,0
37,33,4,1,6,1
28,28,9,1,10,1
34,32,4,1,10,1
44,29,0,0,9,0
30,26,7,0,9,1
28,30,9,1,3,0
19,22,4,0,0,0
26,22,2,0,9,1
43,27,2,0,8,0
19,28,3,1,10,0
38,28,6,1,9,1
26,34,4,0,7,0
26,26,0,1,4,1
25,30,4,1,2,0
34,28,4,0,3,0
18,34,5,0,2,0
42,21,6,0,9,1
28,29,4,0,7,0
25,33,10,1,4,0
27,32,1,1,10,0
42,21,1,0,7,0
24,33,3,1,0,1
20,23,0,0,8,1
20,32,6,0,10,0
35,29,0,1,9,1
22,31,2,0,2,0
29,25,9,0,0,0
29,29,6,0,2,0
36,29,10,0,1,1
23,26,5,0,6,0
19,31,6,0,9,0
29,21,4,0,3,0
36,30,7,0,6,0
29,34,3,0,5,0
44,26,10,0,6,1
44,29,0,1,6,1
34,27,1,0,4,1
34,34,5,1,5,1
27,32,3,0,2,0
42,31,2,0,3,0
40,32,6,1,10,1
34,33,6,0,5,0
32,24,1,0,2,0
29,27,7,0,6,1
33,22,10,0,2,1
41,26,0,0,8,1
36,26,10,0,3,1
25,22,9,0,1,0
38,34,6,0,5,1
34,24,9,0,8,1
40,28,0,0,9,0
22,28,2,1,9,1
39,33,2,1,1,0
33,28,9,0,3,0
23,28,1,1,4,1
25,21,9,0,8,0
42,22,4,0,6,1
35,32,3,0,4,1
42,24,5,1,5,0
29,32,1,0,8,1
32,29,3,1,3,1
44,23,6,1,1,1
43,34,0,0,4,0
26,26,10,0,6,0
30,27,2,1,3,1
43,28,0,0,0,0
32,33,1,1,7,1
27,27,8,1,4,0
33,23,9,0,9,0
24,26,4,0,1,0
34,25,3,0,2,0
40,33,3,1,9,0
43,32,7,0,9,0
38,30,2,0,4,0
39,24,3,0,10,0
43,21,1,1,3,1
24,34,5,0,8,0
31,33,8,1,8,1
32,27,3,0,7,0
38,28,10,0,1,1
24,22,5,1,4,0
26,27,3,0,7,1
36,26,1,0,7,1
33,25,5,1,6,0
25,33,6,0,3,0
35,24,3,0,2,0
44,22,10,0,7,1
40,30,6,0,7,1
35,26,10,1,9,0
37,25,7,0,4,0
24,22,10,0,2,0
20,30,2,0,4,1
35,27,1,0,3,0
44,26,4,0,7,1
27,32,1,0,1,0
24,31,9,1,10,0
34,29,4,1,7,0
31,31,9,1,9,1
41,30,5,0,5,0
20,25,7,0,3,1
29,29,5,1,10,1
30,29,3,0,2,0
19,33,2,1,9,0
20,21,1,1,4,0
22,25,0,0,5,0
28,29,1,0,0,0
25,27,1,0,0,1
43,26,4,0,10,0
40,26,8,1,9,1
40,31,0,1,2,1
29,27,3,1,1,1
24,21,9,0,0,1
32,24,6,1,10,0
41,33,10,1,7,0
34,21,9,1,0,1
21,26,2,1,9,1
39,34,7,0,7,0
42,33,2,0,4,0
30,24,7,0,3,0
35,21,1,0,7,1
18,29,4,0,7,0
33,32,3,0,10,0
30,24,10,0,7,1
27,32,8,0,2,0
29,26,2,1,7,1
19,33,10,0,0,1
40,27,4,0,3,0
20,28,9,0,4,0
27,32,8,0,5,0
19,33,5,0,4,0
44,31,1,0,4,0
40,29,0,0,4,1
30,29,10,1,8,1
30,28,0,0,9,0
35,30,6,1,9,0
20,31,1,1,2,1
44,32,6,1,1,1
24,32,0,0,9,0
31,34,3,0,1,0
37,23,9,0,7,1
34,32,10,0,4,1
38,22,3,0,4,1
29,25,4,0,5,0
42,21,9,0,8,0
33,23,0,0,6,0
41,21,6,1,4,1
29,33,10,0,4,1
32,23,1,0,9,0
42,33,10,1,8,0
27,24,10,1,8,1
42,27,1,0,1,0
24,32,7,0,6,0
37,32,8,0,9,1
22,25,5,1,0,0
18,25,10,0,3,0
34,33,0,1,1,1
20,21,0,1,9,1
30,28,10,0,8,1
31,33,6,0,5,0
41,24,7,0,3,1
35,30,2,0,2,0
21,25,8,0,3,0
35,22,3,0,1,1
22,32,3,1,4,1
42,33,2,1,8,0
33,21,7,0,5,0
18,29,8,0,1,1
38,22,0,1,5,0
31,26,1,1,8,1
32,21,0,0,3,1
26,21,3,1,0,1
32,29,9,0,1,0
34,24,6,0,4,0
42,29,6,0,9,0
41,31,5,1,6,1
21,25,10,0,7,1
29,27,4,1,2,0
44,21,10,0,8,1
43,26,3,0,1,0
22,28,7,0,3,0
22,34,6,0,3,1
28,21,10,0,5,0
23,29,10,0,9,0
24,23,9,0,5,1
41,21,0,0,2,0
31,21,5,0,8,0
41,33,1,1,10,1
28,34,3,0,4,0
30,31,4,0,1,0
19,26,7,1,5,0
42,31,5,0,2,0
24,26,10,0,7,0
37,21,1,0,2,1
21,34,4,0,4,0
44,34,4,0,3,0
25,23,5,0,3,0
37,27,0,0,1,0
39,30,7,0,7,0
38,23,2,0,2,1
36,23,4,0,3,0
30,23,6,0,5,0
31,32,2,1,8,0
27,27,9,0,3,1
28,24,5,0,2,0
19,24,4,1,4,1
42,23,6,1,8,1
43,30,9,0,0,1
26,31,10,0,4,0
34,29,2,0,10,0
43,22,1,1,3,0
20,24,3,0,4,0
41,28,2,0,6,0
23,26,3,1,6,0
22,34,6,0,6,1
22,27,4,0,0,0
39,33,3,0,8,0
32,27,5,1,6,1
40,22,6,1,3,0
34,24,10,0,3,1
26,30,4,0,1,1
20,30,6,0,5,0
37,26,2,0,9,0
43,23,6,0,2,0
34,29,2,0,0,0
44,33,5,0,4,1
27,24,7,0,5,0
20,30,5,0,10,1
35,33,9,0,4,0
35,22,10,1,4,1
34,26,2,0,9,0
41,21,4,0,10,0
20,26,8,0,7,1
20,33,7,0,9,0
23,32,5,1,0,1
30,30,8,0,7,0
41,21,1,1,10,0
32,34,10,1,6,1
42,28,8,0,0,1
26,25,9,0,8,1
21,26,9,0,3,1
31,22,5,1,6,0
22,22,8,0,2,0
19,32,3,1,7,0
28,29,4,0,3,0
26,23,1,0,1,0
41,26,2,0,1,0
20,30,0,0,7,1
44,25,3,0,7,0
26,34,1,0,0,0
20,32,1,0,5,1
42,24,0,0,8,1
19,30,9,0,8,0
29,22,1,0,1,0
27,28,3,0,7,1
26,30,5,1,7,1
32,27,6,0,3,1
25,31,6,0,3,1
42,22,6,0,4,0
22,26,3,0,10,0
28,34,4,0,9,1
44,28,10,1,6,1
19,27,2,0,0,0
41,21,0,1,10,0
32,25,7,0,8,0
23,22,9,1,2,0
25,26,10,0,10,0
44,27,6,0,3,0
22,34,8,0,6,1
33,34,9,0,4,0
43,27,3,1,4,0
35,23,4,1,0,1
23,27,4,0,1,0
22,25,6,0,4,1
33,28,8,0,1,1
30,32,7,1,0,1
22,28,6,0,9,1
30,27,0,1,2,1
34,26,9,0,10,1
35,22,5,1,0,1
25,26,9,0,9,0
30,33,8,0,7,1
36,32,6,0,7,0
43,31,0,0,7,0
20,29,8,0,6,0
41,22,2,1,6,1
25,21,8,0,1,1
19,31,3,1,8,1
25,33,8,0,6,1
44,25,7,0,4,1
30,31,6,1,3,0
30,26,3,0,7,0
18,23,8,0,4,0
23,28,3,0,5,0
41,27,0,1,3,1
36,22,5,1,1,0
33,32,3,1,6,1
25,27,9,1,1,1
18,21,2,0,10,0
44,29,4,0,6,1
44,33,2,0,6,0
33,27,10,1,0,1
26,26,8,1,9,1
30,33,5,0,9,0
28,22,2,0,2,1
30,23,4,1,2,1
42,21,7,0,10,0
38,30,7,0,5,1
27,33,5,0,10,1
21,25,4,1,2,1
44,29,4,0,8,0
23,33,0,0,4,1
24,26,1,0,5,0
22,25,10,0,5,0
28,32,3,0,7,1
30,23,5,1,9,1
43,25,10,0,10,1
42,28,6,1,2,1
36,32,0,0,8,1
40,22,7,1,6,0
27,25,0,0,10,1
27,26,8,0,5,0
28,30,3,0,10,0
38,28,6,0,0,0
24,28,10,0,3,0
35,25,5,0,4,0
21,29,8,0,1,0
19,24,1,1,0,0
31,32,10,0,1,0
30,29,6,0,7,0
29,31,10,0,9,0
24,27,4,0,5,0
19,26,6,0,9,0
30,24,0,0,1,0
31,22,10,0,8,0
44,28,10,0,7,0
34,26,9,1,3,0
26,32,8,0,10,1
34,23,0,0,9,1
25,27,4,1,6,0
19,30,7,0,2,0
41,27,0,0,5,0
30,26,6,1,2,1
20,22,1,0,9,1
33,28,6,0,2,0
23,21,6,0,10,0
36,33,8,0,8,1
24,21,5,1,5,1
27,26,3,1,7,1
26,25,6,0,3,0
19,29,6,1,3,1
32,33,3,0,7,0
22,32,1,0,6,0
39,27,10,1,4,0
21,22,8,0,1,0
37,33,7,0,5,0
21,32,4,0,0,0
35,27,4,1,6,1
21,23,0,0,8,0
44,21,10,0,4,1
34,31,8,0,4,1
29,28,10,0,6,0
39,34,9,0,4,0
34,32,10,1,9,1
27,23,7,1,3,1
39,31,4,1,0,0
18,28,9,0,5,1
39,27,5,0,8,0
43,32,9,0,3,1
41,22,10,1,9,0
44,33,9,1,10,1
35,34,7,1,3,0
35,34,5,0,4,1
31,21,9,0,5,1
32,27,3,0,2,0
29,33,2,0,8,1
21,21,6,0,0,0
44,26,1,0,10,0
20,33,6,0,5,0
37,31,0,0,5,0
29,30,9,0,7,0
24,31,4,0,4,0
28,30,8,0,8,0
18,28,0,0,8,0
23,27,7,0,1,1
32,24,8,0,4,0
32,21,8,1,6,0
36,21,7,0,1,0
28,24,3,0,6,1
43,25,6,0,8,0
40,32,0,0,7,0
43,27,6,0,9,0
19,34,5,1,8,0
31,24,4,0,3,0
19,30,0,0,7,1
21,34,7,0,8,0
34,32,9,0,9,1
20,21,0,0,1,0
30,31,0,1,9,1
26,30,2,0,2,0
24,27,7,0,0,0
32,22,7,0,0,1
40,33,6,0,9,1
28,31,4,0,5,1
37,22,7,1,0,1
19,28,1,1,4,0
32,32,7,1,5,0
31,30,10,0,8,0
37,30,1,1,5,1
39,30,9,1,3,1
28,25,4,1,0,1
44,30,10,1,5,1
20,22,3,0,6,0
34,25,0,0,4,0
29,28,4,0,5,0
41,26,6,0,9,0
38,23,0,1,7,1
32,28,1,1,0,1
33,34,8,1,7,0
22,29,4,0,10,1
44,25,6,0,1,1
37,33,1,0,1,1
23,22,6,0,7,1
36,22,6,1,1,0
42,27,6,1,7,0
22,21,4,0,4,1
20,30,8,1,8,1
18,22,3,0,7,1
43,30,1,0,8,0
23,24,7,0,6,1
32,21,10,1,7,1
19,24,0,1,5,1
20,33,8,0,8,0
34,32,4,0,1,1
42,31,10,0,2,0
41,33,2,0,1,0
29,30,10,0,5,1
35,25,3,0,2,0
32,29,0,0,10,0
29,21,2,0,0,0
33,32,10,0,3,1
25,22,1,1,10,0
31,29,1,1,3,1
42,26,8,0,5,0
34,22,4,0,2,0
38,34,4,0,9,1
25,23,0,0,5,1
32,34,5,0,9,0
44,28,7,1,0,0
31,21,5,1,5,1
35,32,6,0,7,1
37,23,3,0,9,0
24,33,1,0,7,1
20,30,0,0,0,0
29,21,5,0,6,1
38,31,8,0,9,0
43,28,4,1,3,1
20,21,1,0,5,0
37,33,0,0,5,1
31,25,2,0,4,1
32,24,3,0,9,0
42,27,6,0,8,0
31,34,8,0,10,0
24,25,7,1,9,1
34,28,8,1,7,1
29,32,6,1,5,1
37,34,9,0,3,0
21,31,7,0,3,1
26,21,7,1,8,1
23,25,0,0,3,0
33,24,8,0,6,0
39,25,10,0,1,1
39,30,6,1,4,0
38,23,9,0,2,0
38,28,9,1,8,1
19,33,4,0,9,0
41,23,3,1,0,0
25,21,0,0,9,0
28,29,0,1,3,0
30,29,2,0,3,0
34,26,0,1,8,1
25,30,7,0,0,0
38,21,2,0,1,0
35,28,10,0,0,0
35,22,9,1,0,1
31,29,1,1,0,1
32,34,5,1,2,1
23,28,3,0,10,1
28,23,10,0,3,0
30,33,10,0,9,1
42,25,3,0,1,1
18,29,1,0,0,0
23,33,1,1,4,0
26,21,10,1,5,1
25,29,5,1,1,1
28,24,4,0,2,1
39,24,8,0,9,1
36,24,3,0,2,1
41,30,4,0,1,1
26,32,0,0,3,0
34,29,1,1,4,1
29,34,2,0,7,0
42,26,4,0,5,0
31,31,4,1,8,0
32,28,3,1,2,1
33,32,9,1,9,1
39,34,2,0,8,0
39,24,8,0,10,0
37,23,0,0,10,0
18,34,5,1,3,1
27,21,6,0,7,1
25,30,9,1,9,1
35,27,3,1,6,1
18,24,9,1,6,0
19,34,2,0,8,0
18,28,7,0,9,0
18,34,8,1,1,1
26,23,0,1,4,1
30,21,10,1,2,0
18,25,9,0,6,0
30,34,8,1,2,1
37,22,6,0,4,0
43,23,0,0,4,0
39,34,6,0,1,0
24,26,4,0,10,0
19,23,9,0,0,1
23,23,6,0,5,1
24,32,8,0,0,0
43,26,7,0,8,1
31,25,5,0,9,0
43,30,1,0,4,0
35,29,7,1,0,0
32,21,3,1,7,0
19,33,7,1,0,1
27,23,6,0,3,0
40,23,3,0,6,1
29,31,7,1,3,0
34,26,10,0,4,1
25,28,10,0,6,1
20,23,1,0,4,0
44,26,8,1,6,1
23,28,5,1,0,1
26,26,6,1,2,1
23,33,9,1,0,1
26,32,0,0,2,1
24,34,2,0,10,0
26,30,9,0,1,1
35,23,4,0,4,1
29,24,6,0,9,0
25,21,0,1,4,1
25,33,8,0,9,0
35,28,4,1,8,1
37,24,2,0,7,0
32,26,6,0,2,0
44,31,9,1,0,1
24,23,7,1,4,1
28,31,9,1,10,1
37,32,9,1,2,0
33,31,2,0,4,1
21,26,6,1,8,0
23,32,6,0,10,1
43,31,3,1,0,0
39,29,9,1,0,1
43,29,8,0,8,0
20,30,0,1,2,0
26,23,0,1,9,0
27,23,4,0,4,0
31,24,2,1,8,0
28,32,9,1,10,1
35,27,8,0,4,0
39,23,4,1,2,0
29,30,6,0,8,1
40,28,0,1,6,0
29,31,1,0,6,1
30,28,10,0,7,1
42,26,3,1,10,1
30,24,8,0,4,1
36,31,4,0,1,0
43,32,4,0,10,1
36,31,8,0,8,1
40,25,7,0,2,0
31,32,1,0,10,0
21,22,6,0,1,0
30,33,0,0,9,0
40,23,10,0,4,0
38,26,10,0,7,0
40,32,8,0,2,1
36,25,2,0,5,0
29,34,1,1,8,0
23,32,3,0,7,0
35,33,2,0,9,1
36,34,1,0,6,0
39,25,4,1,2,1
22,25,3,0,0,0
41,34,4,0,5,0
26,29,7,0,1,1
44,31,10,1,2,1
20,28,1,0,4,0
27,32,8,0,10,0
36,32,9,1,7,0
20,27,0,0,1,0
39,32,7,1,5,0
32,33,4,0,0,0
18,34,1,0,6,0
24,23,7,0,3,0
29,30,4,0,0,0
34,24,9,0,8,0
38,26,9,1,8,1
43,23,2,0,10,0
41,31,6,1,2,0
37,29,3,0,5,0
22,28,10,1,6,0
21,26,10,1,3,1
29,24,9,0,5,0
37,27,5,0,8,1
41,33,9,1,9,1
35,31,7,0,5,1
34,23,0,1,6,1
36,30,1,1,5,1
26,28,7,0,6,0
21,21,6,1,0,1
43,23,9,0,5,1
38,31,8,0,8,0
19,25,1,0,10,0
21,25,7,0,2,0
19,30,5,0,5,1
32,34,0,0,3,0
19,22,3,1,6,1
21,30,1,0,6,0
23,28,6,0,8,0
24,25,8,0,3,1
27,27,5,0,7,0
36,27,3,0,7,0
36,34,4,0,7,0
43,25,10,1,7,0
39,28,0,0,5,0
29,29,3,1,7,0
20,24,9,0,5,1
30,24,2,1,9,1
35,28,8,0,1,1
25,21,5,0,2,0
38,24,3,1,5,0
32,26,2,1,6,1
18,33,3,0,3,0
20,24,7,1,0,1
43,26,4,1,3,0
25,25,10,0,5,0
21,34,0,0,7,1
33,29,4,0,3,1
40,30,7,0,9,1
27,29,10,0,0,0
29,24,3,0,4,0
31,33,1,0,6,0
31,34,2,0,5,0
19,24,10,0,2,0
40,32,8,0,6,1
22,28,6,0,3,1
22,30,2,0,4,0
23,24,4,0,10,1
30,22,2,1,6,1
26,33,9,1,1,1
39,33,3,0,3,0
32,34,7,0,3,0
31,22,2,0,5,1
41,21,2,0,10,0
24,25,10,0,6,0
42,26,10,0,3,1
37,29,7,0,9,0
24,33,9,1,0,1
23,26,6,0,4,1
34,26,6,0,0,0
44,23,9,0,2,0
42,32,1,0,8,0
42,24,6,0,2,1
19,21,9,1,2,0
20,24,10,0,8,1
22,21,9,0,4,0
22,25,2,0,7,0
18,31,6,0,9,0
25,31,3,0,8,0
29,28,7,0,5,0
41,28,7,0,6,1
21,25,5,0,6,1
30,34,2,1,6,0
40,30,5,1,3,1
32,22,5,0,1,0
28,32,2,0,1,0
27,26,10,0,6,1
20,21,3,1,9,1
39,27,1,0,6,0
31,31,0,0,9,1
33,24,1,0,6,0
27,25,6,0,7,1
27,26,9,0,2,1
29,31,4,0,10,1
26,21,8,0,4,1
18,29,2,1,5,1
22,30,1,0,7,1
37,24,3,0,7,0
25,28,1,0,9,0
28,25,10,1,2,1
29,31,6,0,3,0
18,28,9,1,5,1
42,21,5,0,3,1
39,28,7,0,9,1
37,31,4,1,3,0
42,33,1,1,4,1
28,31,3,1,9,1
22,24,0,0,6,0
32,22,1,0,1,1
22,31,3,0,1,0
29,26,5,1,9,0
22,22,3,1,8,0
34,22,10,0,4,1
41,23,9,1,2,1
29,31,9,0,1,1
41,26,1,0,9,1
32,21,8,1,7,1
32,26,9,0,3,0
23,23,7,0,0,0
29,27,7,1,5,0
44,22,4,0,5,0
37,34,2,0,1,0
35,26,5,0,1,0
31,28,8,0,7,0
19,21,7,0,10,0
26,31,6,1,6,1
22,31,10,1,1,1
37,33,7,0,9,1
43,29,3,1,0,0
18,25,5,0,10,1
40,25,4,0,7,1
20,33,1,0,9,1
23,32,7,1,1,1
22,25,2,1,4,0
38,26,4,0,5,0
44,22,7,0,9,0
22,26,10,1,0,1
18,34,8,0,1,1
34,31,8,1,9,1
36,24,4,0,3,0
31,28,1,0,1,0
29,33,6,0,10,0
27,31,10,0,5,0
37,29,10,1,3,1
38,29,6,0,10,0
35,28,7,0,2,0
41,23,7,0,5,0
44,30,4,0,8,0
28,31,0,0,7,0
19,31,10,0,1,0
42,24,3,0,2,0
35,21,3,1,1,0
42,29,10,0,9,1
24,25,2,0,6,0
41,26,7,1,8,1
32,23,2,0,0,0
28,31,4,0,10,1
35,30,1,0,2,0
40,28,5,0,5,1
29,27,5,0,3,0
23,21,7,1,9,0
37,30,7,1,9,1
40,32,0,0,0,0
30,25,4,0,8,0
37,30,1,0,6,0
33,29,9,0,10,0
35,32,4,0,6,0
27,31,9,0,0,1
40,32,8,1,8,0
25,26,3,0,7,1
35,28,7,0,10,1
38,30,0,0,9,1
25,31,7,1,0,1
23,27,5,0,8,0
22,23,10,1,7,1
32,29,2,1,1,1
39,26,10,1,3,1
32,25,7,0,3,0
19,28,4,0,6,0
18,28,9,0,2,0
40,32,4,0,7,0
43,23,5,0,6,0
28,22,8,1,9,1
27,22,6,0,3,0
35,34,2,0,8,0
35,25,10,0,5,0
34,30,10,0,2,0
43,32,4,0,6,0
25,27,8,1,5,1
32,28,10,0,7,1
25,30,9,0,4,0
34,28,1,1,5,0
29,33,0,0,0,0
44,32,10,0,7,0
25,28,7,0,0,1
42,30,7,0,2,0
31,32,1,0,1,0
21,31,7,1,5,1
18,23,4,1,7,0
18,34,1,1,7,0
36,31,6,0,6,0
33,22,6,1,6,1
31,33,2,0,7,0
38,24,0,0,4,0
33,21,10,0,2,0
22,23,3,1,1,0
26,31,1,0,2,0
43,29,3,0,10,0
19,27,7,0,10,1
35,27,1,0,2,1
23,21,0,0,6,0
26,27,10,0,0,1
18,30,2,0,6,0
26,27,9,0,5,1
42,24,6,0,10,0
33,27,5,0,9,0
30,28,5,1,1,0
26,23,6,0,9,1
38,33,7,0,0,0
30,30,2,0,8,0
26,22,2,0,1,0
28,27,9,0,3,1
21,25,7,0,8,0
19,25,6,0,8,0
23,34,9,0,10,0
31,25,4,1,0,1
21,27,3,0,1,0
23,29,5,0,1,0
36,31,8,0,1,0
23,28,5,1,7,0
19,26,7,0,7,0
35,27,0,0,9,0
30,29,5,0,7,0
26,34,1,1,3,1
40,31,2,0,7,1
36,26,5,0,6,0
30,21,1,0,7,0
28,24,3,0,0,0
18,28,5,0,2,0
41,27,4,1,9,1
39,23,5,1,5,0
24,30,5,0,0,0
42,23,7,0,3,0
32,23,4,1,6,1
18,32,5,0,0,1
29,21,5,1,5,1
43,30,5,0,5,1
24,21,1,0,1,0
32,26,3,0,5,0
38,34,0,0,9,0
36,34,0,0,1,0
42,21,0,1,7,1
18,25,6,0,6,1
34,24,0,0,5,0
34,25,5,0,9,0
20,27,1,0,5,0
29,26,5,0,8,0
23,32,5,0,8,0
43,29,10,1,9,0
28,26,2,0,9,1
20,29,7,1,1,0
25,24,10,0,2,1
31,21,3,0,9,0
31,21,6,0,6,0
27,30,3,0,10,1
19,27,0,0,9,0
31,33,5,0,8,1
26,33,4,0,5,0
20,33,8,1,10,0
38,23,8,0,0,1
43,22,10,1,10,0
25,34,7,0,6,1
33,26,6,1,10,1
19,26,1,1,0,1
23,33,7,0,4,1
38,27,2,0,8,0
43,25,5,0,9,0
42,28,9,0,10,0
29,27,6,1,9,1
22,22,5,0,8,1
19,21,4,0,0,0
33,33,3,1,5,0
22,34,1,0,2,0
32,29,8,0,8,0
29,25,6,0,2,0
21,32,6,0,1,0
32,31,3,0,7,0
28,25,4,1,2,0
33,32,5,0,4,0
40,30,10,0,5,0
23,24,1,0,9,0
31,22,3,0,9,1
35,25,3,0,0,1
29,22,3,0,6,1
44,32,6,1,10,1
28,27,6,0,6,1
30,31,6,0,4,1
38,29,6,0,8,0
40,29,1,0,10,1
28,31,4,1,1,0
40,26,9,0,4,1
33,21,1,1,1,0
32,33,4,0,1,1
32,25,2,0,8,0
42,24,5,0,6,1
21,32,4,0,3,0
28,26,3,0,10,1
36,26,9,1,7,0
32,34,8,1,10,1
21,26,10,1,10,0
38,22,7,0,3,1
30,34,6,0,0,1
39,27,10,0,9,1
36,34,0,0,2,0
19,24,8,0,9,1
31,33,8,0,0,0
21,32,5,1,1,0
33,29,6,1,1,0
38,30,2,1,6,0
37,22,4,1,3,1
31,25,6,0,9,1
44,34,0,0,8,0
32,24,0,1,1,0
20,29,4,0,8,1
25,24,8,0,5,1
33,28,6,0,9,0
27,28,0,0,7,0
21,26,4,1,6,1
35,26,7,1,10,1
19,31,7,0,7,0
34,28,1,0,8,1
30,32,6,0,7,1
21,33,9,0,5,0
43,32,4,0,7,0
42,30,8,1,7,0
28,29,2,0,1,1
29,31,3,0,10,1
27,21,6,0,0,0
24,21,0,0,9,0
30,22,1,0,1,0
24,30,4,0,6,0
41,30,8,1,10,1
34,25,0,0,2,0
27,24,3,0,3,1
27,21,2,0,3,0
41,24,4,0,3,1
21,24,4,0,1,0
37,30,9,1,10,1
21,24,1,0,5,0
39,21,4,0,0,0
24,29,8,0,4,0
39,34,4,0,1,0
18,23,10,0,8,1
29,33,9,1,1,0
41,24,1,0,5,0
30,25,6,0,3,0
27,33,5,0,5,0
32,33,6,0,1,0
44,27,7,0,1,1
30,26,9,0,6,0
40,25,4,0,2,0
39,28,1,1,2,1
39,34,6,0,6,1
38,21,6,0,7,1
39,27,7,0,6,1
26,32,6,0,2,0
43,26,9,0,2,0
26,31,6,0,6,0
32,25,8,0,2,1
27,27,7,0,1,0
41,23,1,0,6,1
43,21,1,0,2,1
42,29,6,1,4,1
27,22,9,0,6,1
25,33,10,0,1,1
41,30,9,0,7,1
33,23,2,1,1,0
34,28,0,1,3,1
44,30,2,0,7,0
22,29,0,1,10,1
21,33,5,0,0,1
35,23,3,0,8,1
41,26,0,0,5,0
36,27,3,0,3,0
21,21,7,1,5,1
24,34,10,0,5,0
27,27,6,0,8,0
42,24,0,0,10,1
35,25,9,0,3,1
36,28,8,0,7,0
21,24,5,0,0,0
27,24,1,0,5,1
18,28,2,0,4,0
40,25,6,0,2,0
35,33,2,1,3,1
22,26,2,0,7,0
32,32,4,0,10,1
34,31,2,1,10,1
20,34,2,0,9,0
29,25,10,0,10,0
19,21,4,1,1,1
18,27,4,0,7,1
40,26,8,1,6,1
38,22,0,0,0,1
34,31,0,1,1,1
39,27,10,0,6,0
33,26,8,1,10,1
22,25,4,1,10,1
32,28,3,0,2,1
20,25,1,0,1,0
24,31,8,1,0,0
28,22,5,0,6,1
27,26,8,0,2,1
26,34,4,1,5,1
31,32,3,0,9,0
30,21,6,1,7,1
42,25,4,1,5,1
42,34,7,1,6,0
19,26,7,0,10,0
24,34,4,1,6,1
38,22,9,0,4,1
35,21,7,0,8,1
20,26,2,1,2,1
27,23,6,0,5,0
39,25,2,0,8,1
24,32,5,0,0,0
26,31,1,0,4,1
34,33,5,0,3,0
28,22,5,0,8,0
24,21,7,1,10,1
31,33,0,0,0,0
36,31,7,0,3,0
21,24,8,0,0,0
43,30,0,0,2,0
23,33,4,1,3,1
27,22,5,1,0,0
24,21,3,0,4,1
30,26,10,1,5,1
31,34,1,0,0,0
21,24,4,1,9,1
22,33,6,1,9,1
18,32,5,1,3,0
21,27,2,1,3,1
20,31,8,0,0,0
26,26,3,0,1,0
25,25,10,0,10,1
18,30,4,0,9,0
44,32,2,0,4,0
23,33,7,0,1,0
26,32,10,0,2,0
24,32,6,0,8,0
21,32,10,0,4,1
30,22,10,0,0,1
34,25,6,0,4,0
19,29,7,0,2,0
22,29,6,1,0,0
29,22,2,0,2,1
44,27,2,1,10,1
38,30,1,0,5,0
25,34,0,1,9,0
23,24,4,1,4,1
25,33,3,0,0,0
35,33,10,0,10,1
20,23,1,0,1,0
39,31,0,0,4,0
29,21,2,0,8,0
43,23,5,1,10,1
20,31,1,0,4,0
39,29,9,1,4,1
23,34,6,0,0,0
19,29,10,0,4,1
40,27,6,0,7,1
29,23,10,0,8,0
23,23,0,0,2,0
34,24,8,1,3,0
20,27,10,1,6,1
19,27,4,0,6,0
40,32,1,0,0,0
37,32,7,1,10,1
25,34,9,0,5,0
39,22,9,0,8,0
29,32,3,0,4,0
43,25,10,1,7,1
21,27,9,0,10,1
22,27,6,1,9,1
30,26,4,1,10,1
32,30,2,0,8,0
42,30,9,0,9,1
40,32,7,0,9,0
33,28,1,0,2,1
27,23,0,0,0,0
42,21,4,0,1,1
40,23,10,1,4,1
33,31,3,0,9,0
29,22,10,1,6,1
34,22,9,0,10,1
33,34,6,1,5,1
29,34,8,0,3,1
25,22,5,1,8,1
37,25,10,0,10,0
20,33,0,0,3,0
33,21,7,0,2,0
30,30,1,0,10,0
40,24,3,0,4,0
36,34,2,1,3,1
25,30,5,0,1,0
39,25,1,0,2,0
22,22,4,0,6,1
37,25,10,1,1,1
25,30,8,0,0,1
41,24,2,0,1,0
29,28,1,0,7,0
18,21,1,1,7,0
42,32,8,0,9,0
38,25,5,0,1,1
37,34,1,0,5,0
23,34,2,0,10,1
39,31,0,0,10,0
35,32,1,0,10,0
25,30,1,1,6,1
24,21,10,0,0,0
18,30,1,0,6,0
38,30,6,0,10,1
33,24,2,0,7,1
29,28,10,0,8,0
23,21,3,0,7,1
37,31,1,0,2,0
19,22,4,1,7,0
31,21,8,0,2,1
21,31,8,0,5,1
18,27,6,0,3,0
40,22,7,0,6,1
35,21,4,1,7,1
30,32,4,1,9,1
19,26,2,0,5,1
26,26,5,0,9,0
38,30,0,0,3,0
19,22,2,0,7,0
44,21,10,1,6,0
42,34,1,0,9,0
26,30,6,0,7,1
18,23,8,0,9,0
28,30,3,1,6,1
37,25,7,0,2,0
40,26,9,0,8,0
43,23,1,0,6,0
21,29,6,0,0,0
35,31,2,0,2,0
40,25,7,0,10,0
23,33,5,0,0,0
20,22,2,0,5,0
39,30,7,0,1,1
28,26,10,1,6,0
32,32,2,0,7,0
39,28,8,0,5,0
22,31,10,0,4,1
27,24,0,0,3,1
29,26,1,0,8,0
32,28,3,1,7,0
34,28,10,1,4,1
27,33,1,0,0,0
23,30,3,0,7,1
35,22,3,0,7,0
30,28,3,0,6,1
20,26,0,0,6,1
41,22,8,0,7,0
27,21,9,0,0,0
31,26,10,0,2,0
23,33,6,0,3,0
20,27,1,1,10,0
33,34,2,0,5,0
24,34,7,1,9,0
37,30,6,0,9,0
31,25,3,0,8,0
26,34,3,0,3,0
32,30,8,1,5,1
38,28,4,0,8,0
20,31,10,0,8,0
19,33,4,1,5,1
44,32,6,0,4,0
19,29,0,1,2,1
20,24,2,1,4,0
35,27,1,0,2,0
31,28,10,1,4,1
37,33,9,0,9,1
35,26,5,1,9,1
27,22,10,0,0,0
42,27,5,0,5,0
19,33,9,1,6,1
42,29,0,0,1,0
39,25,5,1,2,1
18,22,9,0,9,0
21,24,1,0,8,1
31,23,10,1,7,1
18,24,3,0,3,0
31,30,5,1,10,0
33,27,2,0,7,0
39,30,2,1,10,1
31,28,2,1,7,0
37,21,3,0,5,0
20,33,8,1,0,1
20,28,3,0,1,0
26,25,3,1,3,1
23,32,3,0,3,0
42,27,6,0,1,0
30,31,4,0,8,0
38,31,1,0,1,0
19,21,6,1,5,1
25,22,2,0,4,0
38,21,10,0,3,0
19,25,0,0,5,0
21,34,8,0,3,0
42,34,4,0,8,1
32,26,9,0,10,0
21,30,0,0,9,0
30,29,10,1,6,1
29,28,0,1,2,1
30,27,0,0,9,1
31,32,8,0,3,0
37,25,7,1,0,0
35,34,10,1,5,1
23,23,5,1,1,0
28,29,9,0,3,0
19,33,5,0,4,1
40,25,5,0,7,0
36,23,3,1,2,1
36,23,4,0,5,0
22,23,9,0,0,0
36,34,2,0,8,1
19,26,2,0,0,0
27,21,9,0,1,0
42,31,6,0,0,0
19,24,4,0,7,1
28,33,7,0,3,1
35,28,4,1,1,1
41,23,3,0,6,0
32,25,2,1,7,0
26,22,1,0,8,1
40,22,2,0,4,1
36,31,6,0,2,1
26,33,7,0,0,1
20,27,4,0,7,0
38,30,10,0,5,0
26,23,0,0,4,1
31,25,2,1,6,0
36,23,3,1,4,0
24,26,9,0,10,1
33,33,3,1,3,0
33,30,0,0,4,1
18,23,9,1,10,1
21,28,8,0,6,0
21,22,9,0,10,1
24,23,3,0,5,1
34,28,8,1,9,1
22,21,3,0,10,0
24,28,3,0,8,0
37,30,10,0,9,0
37,22,5,0,1,0
21,32,7,1,6,0
23,27,4,1,0,0
24,26,7,1,7,1
35,22,0,0,3,0
22,25,3,0,7,0
37,27,0,0,7,0
20,28,2,0,3,0
24,23,10,0,3,0
44,21,6,0,4,0
39,33,0,1,6,0
31,27,4,0,5,0
24,33,0,0,0,0
22,25,5,0,5,1
39,25,8,0,2,0
22,27,2,0,8,0
40,21,10,0,2,0
19,28,10,1,8,1
44,32,5,1,4,1
38,34,3,1,9,0
39,30,5,0,7,0
23,25,1,0,8,0
32,28,3,0,8,0
38,30,6,0,6,0
27,30,10,0,9,1
40,25,5,1,0,1
43,32,8,0,7,1
41,27,10,0,6,0
24,30,6,1,3,0
22,23,0,0,5,0
18,22,5,0,9,0
30,26,10,1,1,1
38,25,2,0,3,0
43,29,7,1,7,1
35,30,0,0,3,0
30,24,9,1,9,0
38,31,1,0,3,1
38,23,2,0,3,0
35,29,2,0,9,0
22,28,6,0,8,0
30,26,7,1,10,1
21,21,8,0,1,0
34,34,6,1,6,1
20,30,7,0,2,1
34,33,10,1,3,0
28,32,5,0,0,0
38,31,1,0,2,0
37,21,0,1,1,1
40,32,2,1,9,1
38,26,8,1,6,0
43,33,6,0,5,0
21,23,1,0,0,1
19,23,0,0,10,0
37,26,1,1,7,0
33,33,2,0,8,0
35,23,5,0,0,0
25,33,8,1,4,1
20,31,7,1,6,1
26,30,9,1,1,1
37,26,8,1,5,0
23,25,10,0,7,0
27,24,10,0,7,0
38,28,7,1,9,1
27,22,6,0,9,1
30,32,5,0,7,1
34,34,7,1,5,1
26,31,5,1,5,0
34,27,1,1,10,0
41,24,8,0,2,0
26,22,8,0,1,0
18,33,8,0,8,1
19,21,1,1,3,1
33,24,2,1,4,0
18,29,5,0,5,0
27,34,3,1,10,1
35,24,7,0,5,0
43,32,0,0,3,0
25,33,5,0,3,0
38,23,1,1,7,1
28,30,5,0,4,1
40,30,0,0,10,0
19,22,1,0,4,1
25,34,8,1,8,0
44,23,5,0,3,0
39,21,7,0,6,1
25,30,6,0,4,0
34,28,8,1,8,0
32,21,8,0,7,0
34,23,10,1,7,1
40,34,3,0,9,0
41,23,6,0,9,0
30,33,4,0,2,0
36,22,6,0,8,0
22,34,3,0,7,1
29,25,9,1,2,0
18,30,10,0,9,0
40,23,10,0,0,0
22,23,0,0,4,0
25,28,3,1,3,0
30,24,9,1,7,1
25,24,2,0,5,0
42,23,8,0,9,1
40,31,4,0,4,1
28,21,3,1,8,1
18,28,7,0,5,0
30,21,4,0,10,0
36,27,2,0,10,1
41,25,1,1,10,0
20,24,7,0,10,0
41,24,1,0,2,0
34,28,7,0,5,0
22,31,4,0,10,0
37,31,7,1,3,0
38,33,4,0,4,1
25,34,0,0,5,0
43,26,10,0,8,0
31,34,10,0,2,0
21,32,1,0,0,0
28,21,5,0,1,1
37,34,2,0,7,0
32,30,7,0,3,1
36,28,4,0,6,0
24,33,2,0,1,1
36,34,9,0,10,0
36,22,6,0,9,1
28,26,7,0,7,0
43,29,3,0,9,0
22,21,10,0,8,1
22,26,8,0,6,0
39,28,5,0,9,1
25,30,0,1,10,1
27,33,4,0,0,0
23,22,4,0,1,0
32,25,6,1,8,1
33,26,6,1,9,0
34,25,5,0,6,1
25,23,7,0,10,0
25,24,1,1,2,0
42,27,6,1,4,0
26,24,9,1,0,1
19,29,6,0,9,0
32,31,3,0,2,0
35,32,9,0,10,0
20,34,1,0,3,0
34,33,3,0,3,1
21,33,3,1,6,1
21,30,5,1,4,1
31,22,6,0,8,0
26,25,2,0,6,0
26,28,9,0,1,1
42,34,0,0,10,0
43,25,2,1,10,0
40,30,8,0,7,0
35,32,0,0,10,1
27,28,7,0,1,0
21,29,5,0,4,1
29,30,2,0,9,1
44,26,6,0,5,1
25,32,1,1,10,1
19,24,3,0,3,1
39,32,9,1,4,0
30,31,8,0,4,0
38,23,5,0,6,0
19,34,1,0,3,0
28,25,9,1,4,1
27,26,8,1,3,0
32,23,3,0,3,0
34,22,8,0,7,0
25,27,1,1,10,1
35,31,6,0,4,0
40,25,10,0,8,0
26,29,10,0,4,1
42,23,4,1,7,1
25,34,7,0,2,0
31,26,7,0,0,1
43,24,3,0,4,1
42,32,3,0,1,0
35,32,7,1,7,1
39,29,2,1,5,1
37,25,6,0,4,1
37,30,7,0,2,1
38,26,7,0,0,0
29,34,10,0,9,0
36,33,9,0,9,1
31,29,3,1,9,0
34,27,8,0,10,0
41,32,9,0,9,1
38,25,3,0,7,0
20,22,7,0,10,0
43,24,5,0,4,1
40,22,4,0,8,0
24,23,3,0,10,1
34,30,4,0,6,0
29,32,10,1,0,1
26,23,0,0,10,0
32,24,6,0,0,0
35,26,7,1,6,1
38,32,8,0,10,0
30,23,2,0,6,0
38,30,8,0,8,0
25,34,9,0,1,0
31,21,4,0,6,0
25,21,9,1,1,1
31,29,5,0,9,0
24,29,0,0,9,1
40,25,8,0,1,0
29,29,8,0,4,1
28,31,5,0,8,0
39,27,7,0,8,1
39,29,3,0,9,1
28,32,4,0,0,1
42,27,4,0,10,0
39,29,6,0,6,0
30,22,6,0,9,0
35,31,6,0,9,1
19,31,4,0,2,1
38,28,3,0,9,0
32,27,7,1,9,0
37,26,0,0,0,0
44,25,0,1,1,1
35,24,5,1,5,0
32,27,1,0,9,0
36,23,2,0,1,0
40,28,3,1,1,1
41,22,1,0,3,0
29,21,9,0,2,0
30,31,6,1,7,1
39,22,9,0,7,1
28,29,0,0,5,1
22,25,2,1,3,0
18,31,1,0,6,0
41,28,8,1,8,1
20,23,7,0,1,0
39,27,2,0,5,1
36,22,4,1,6,1
40,28,2,0,0,1
24,34,10,0,5,1
29,27,10,0,7,0
32,32,10,0,6,0
42,25,5,1,1,0
22,32,4,0,1,1
32,31,10,0,3,0
25,24,1,0,4,0
27,21,9,0,4,0
43,25,7,0,10,1
33,32,5,0,1,0
25,29,2,0,6,1
18,30,0,0,7,1
29,24,4,0,1,0
22,33,10,1,3,1
20,29,1,0,10,1
18,32,1,1,10,1
21,22,8,1,2,1
25,24,10,0,3,1
20,29,9,1,4,1
27,24,6,0,5,0
19,25,5,1,1,1
28,31,0,0,9,0
42,28,9,0,5,0
27,21,1,1,8,0
38,21,10,1,10,0
31,29,6,0,7,0
24,29,2,0,0,1
44,24,1,1,8,1
44,33,5,0,10,1
19,22,7,0,9,0
26,33,7,0,10,1
33,29,10,1,1,0
30,34,1,1,10,0
26,24,5,1,0,0
37,26,4,0,5,1
21,32,6,0,0,0
39,21,3,0,5,0
27,32,1,1,1,1
43,29,9,0,10,0
43,25,2,0,6,0
39,23,8,0,6,1
29,24,9,0,3,0
34,21,7,0,1,0
31,34,8,0,10,1
31,29,4,1,6,0
42,34,4,0,0,0
19,28,6,0,10,1
38,24,6,0,10,0
42,22,0,0,1,1
37,34,4,0,1,0
28,29,7,1,0,0
33,24,6,1,8,1
36,29,10,0,5,0
40,30,1,1,2,1
23,23,7,0,5,1
41,27,1,0,6,0
36,27,9,0,2,0
22,30,0,0,3,0
43,33,10,1,9,1
21,24,10,1,0,1
32,22,10,1,5,0
21,31,2,1,5,1
37,29,2,0,8,1
27,24,5,0,1,1
41,28,2,0,4,1
39,34,6,0,4,0
20,22,7,0,6,0
43,28,2,1,4,0
22,31,8,1,9,0
23,30,0,0,3,0
38,25,2,0,9,1
39,27,2,0,1,0
25,27,6,0,7,1
24,32,10,1,4,0
38,29,10,0,3,0
27,23,4,0,8,0
23,30,3,1,1,0
31,24,1,0,2,0
21,30,6,0,7,0
42,24,2,0,10,0
30,33,6,0,3,0
37,30,9,1,8,1
34,25,6,0,9,0
40,34,10,0,9,1
24,26,1,0,9,0
21,23,6,0,9,1
31,33,5,0,8,0
20,24,9,1,9,1
41,23,3,0,8,1
22,22,10,1,0,0
33,30,4,0,5,1
40,29,4,1,5,0
37,21,2,0,7,0
21,22,1,0,6,0
41,28,5,0,6,0
41,27,5,0,1,0
19,32,6,0,10,1
35,21,7,0,3,0
36,25,3,0,0,0
36,30,7,0,10,1
31,25,5,1,6,1
36,24,5,1,3,0
41,33,8,0,5,0
30,21,4,0,5,1
29,27,0,0,8,0
43,29,6,1,7,1
23,26,9,0,5,0
38,23,2,0,5,1
21,30,9,0,5,1
36,34,9,0,3,1
33,24,10,0,4,0
30,30,3,0,2,0
21,25,5,0,8,0
40,32,7,0,10,1
34,32,3,0,1,0
40,21,8,1,10,1
18,25,7,0,6,1
35,21,9,0,0,1
37,29,9,0,9,0
34,27,5,0,6,1
44,23,6,0,1,1
44,29,7,0,4,0
32,22,1,0,0,0
28,32,4,0,4,1
42,27,6,0,10,0
39,29,7,1,3,1
30,26,4,0,0,0
18,30,2,0,0,1
23,32,4,0,2,1
21,27,7,1,9,1
37,34,8,1,8,1
33,26,8,0,8,1
32,25,5,1,9,1
44,34,3,0,10,1
23,28,8,0,0,0
32,33,3,0,3,1
31,27,7,0,0,1
28,26,8,0,0,0
24,25,4,0,8,1
26,25,5,1,4,0
43,29,2,0,0,0
33,21,4,0,10,0
22,29,4,1,2,1
42,26,1,0,6,1
37,24,9,0,1,0
27,30,5,1,3,1
35,34,8,0,1,0
20,27,10,0,8,0
30,29,6,1,8,0
28,25,7,0,6,1
34,34,1,1,6,1
30,28,8,0,9,0
23,27,2,0,7,1
34,33,9,1,0,1
44,33,4,0,7,0
30,28,6,1,4,1
36,31,3,0,3,1
38,32,6,0,9,0
36,30,7,0,1,0
27,22,9,0,2,1
20,29,9,1,9,1
31,23,3,0,1,1
36,26,10,1,3,1
22,22,2,1,2,0
22,32,4,0,4,1
37,33,7,0,6,0
34,27,2,0,8,1
38,29,4,1,4,1
27,32,9,1,7,1
22,30,0,0,1,0
21,31,1,0,5,0
23,21,2,0,7,0
43,28,0,0,8,1
21,22,10,1,10,1
24,34,10,1,3,1
24,21,8,0,3,0
35,28,8,1,6,0
20,22,4,0,3,1
18,26,3,0,4,1
41,26,4,0,1,0
42,25,3,0,1,0
21,28,4,0,10,1
23,23,6,0,9,1
26,33,10,0,4,1
39,30,7,0,9,0
31,24,1,1,9,0
42,27,7,0,5,0
37,33,6,0,5,0
41,32,8,0,7,0
21,28,5,0,6,0
38,22,10,0,6,0
41,31,7,0,8,0
29,32,10,0,3,1
27,22,4,0,6,0
39,24,8,0,5,0
24,33,3,0,3,0
20,30,7,0,9,0
40,33,2,0,7,1
31,29,4,0,2,0
41,30,7,0,7,0
27,32,9,0,4,0
33,29,6,0,3,1
33,33,0,0,2,0
39,33,3,0,9,1
27,24,1,1,6,0
42,29,1,0,6,0
30,34,6,0,5,0
23,23,2,0,2,1
29,32,2,1,8,0
26,25,5,0,10,0
30,30,5,0,1,0
21,29,0,0,2,0
41,26,0,0,0,0
28,23,10,0,6,0
37,30,5,0,1,1
35,29,6,0,9,0
43,26,8,1,7,1
28,24,3,1,8,0
42,34,9,0,10,1
38,24,5,1,1,1
21,28,2,0,5,0
35,27,10,1,10,0
18,21,3,0,0,0
44,26,8,0,7,1
24,28,0,1,4,0
23,23,4,0,8,1
32,34,10,0,2,1
35,29,6,0,1,1
41,30,2,0,6,1
28,22,1,1,10,1
37,34,10,1,6,1
41,26,1,0,9,0
32,32,0,0,4,0
33,21,4,0,6,1
24,32,2,0,5,1
38,31,10,1,8,1
27,22,6,0,2,1
43,33,0,0,3,0
29,25,8,0,8,1
41,21,1,0,9,0
31,28,7,0,7,0
42,21,9,0,9,1
22,33,3,0,5,1
43,29,5,0,2,0
35,31,6,0,8,0
22,23,7,0,10,1
20,32,6,0,5,1
40,22,1,0,1,1
43,21,8,0,6,0
22,29,0,0,8,0
41,24,1,0,8,1
34,32,2,0,2,0
36,21,2,0,1,0
36,21,9,0,4,1
42,27,3,1,10,1
38,22,4,1,9,1
29,27,5,1,6,1
42,32,0,1,2,1
26,27,7,0,3,0
18,30,5,1,9,1
35,34,9,0,1,0
38,29,8,0,10,1
21,33,4,0,9,0
27,27,6,0,1,0
42,33,10,1,6,1
24,34,3,0,1,1
39,21,5,0,0,0
40,32,5,1,3,1
18,33,3,0,5,0
34,28,5,1,9,0
41,28,7,1,9,1
19,24,10,0,3,0
43,33,4,0,0,0
28,28,1,0,0,0
26,24,8,1,8,1
24,28,10,0,0,1
39,25,3,0,6,0
34,24,3,0,10,1
34,26,10,0,6,0
19,22,6,0,0,0
23,32,9,1,0,0
31,22,9,0,5,0
23,22,5,1,7,1
19,29,3,0,6,0
18,34,5,0,5,0
27,30,2,0,9,1
38,23,6,0,2,1
22,30,5,0,10,0
19,24,2,1,6,1
39,30,0,0,5,0
33,32,9,0,7,0
42,28,4,0,3,1
19,24,9,0,8,0
27,31,1,0,0,0
19,30,6,0,6,0
33,30,6,0,8,0
33,33,3,0,9,1
36,27,5,0,0,0
24,25,0,1,9,1
39,29,1,0,2,1
29,24,5,0,6,0
41,23,1,0,8,0
32,33,10,0,0,1
25,22,3,0,5,1
23,21,3,0,10,1
44,31,9,1,1,1
27,26,8,1,4,1
20,30,9,1,6,0
36,22,6,0,6,1
34,28,6,1,9,1
24,26,10,1,6,1
38,32,0,0,3,0
37,32,10,0,5,1
43,25,4,1,10,1
21,33,2,1,9,1
31,22,2,0,5,0
37,27,5,0,6,0
39,22,3,1,8,1
32,33,7,0,5,1
41,34,3,0,9,0
25,25,7,0,0,0
38,22,3,0,7,1
32,31,2,1,1,1
39,30,4,0,2,0
37,31,4,0,4,1
31,31,9,1,5,1
44,22,9,0,6,0
26,27,0,0,3,0
25,29,7,1,2,1
43,25,7,1,8,0
43,27,7,0,3,1
34,24,9,1,8,1
19,22,3,0,8,1
42,23,8,0,10,1
41,22,9,1,2,0
20,25,2,0,2,0
25,26,6,1,10,1
29,27,5,0,7,0
18,23,8,1,0,1
27,24,3,0,5,0
37,28,3,0,5,1
20,24,5,0,8,0
23,27,7,0,1,0
24,32,2,1,7,0
37,26,10,0,6,1
40,27,7,0,1,1
42,21,7,1,0,1
44,23,6,0,3,1
35,26,6,0,1,0
28,23,4,1,2,0
36,34,1,0,1,0
22,34,1,0,8,0
36,27,9,0,3,1
28,29,7,0,0,1
41,23,10,0,7,0
29,34,5,0,3,0
27,21,7,0,9,1
25,30,2,0,10,1
41,33,0,0,10,0
26,26,5,0,7,1
21,32,1,1,7,1
22,21,8,0,8,1
38,21,4,0,9,1
25,34,4,1,6,1
40,28,9,0,3,1
26,29,7,0,1,0
32,22,5,1,5,0
32,29,2,0,3,0
33,25,8,1,5,1
31,33,9,1,7,1
25,28,3,0,2,0
35,27,9,0,0,0
27,27,3,1,4,0
37,24,1,0,2,0
23,22,2,0,5,0
29,25,3,1,2,1
19,34,6,0,0,1
24,31,2,0,8,0
33,31,7,1,4,0
30,34,9,1,1,1
20,29,10,0,10,0
44,26,1,1,8,1
35,21,3,0,0,0
28,23,7,0,9,0
25,32,0,0,2,0
23,24,0,0,9,1
18,29,3,1,10,1
18,31,10,0,6,1
40,26,1,1,0,0
25,24,0,0,1,0
22,21,7,1,5,0
33,28,1,0,8,0
28,34,3,0,8,0
22,31,2,0,7,0
21,22,1,1,2,0
23,31,7,0,1,1
31,31,2,0,0,0
39,28,8,0,10,1
36,26,9,0,10,1
26,28,4,1,8,1
29,26,8,0,4,1
28,25,2,0,2,0
31,25,4,1,9,0
40,34,9,1,9,1
33,34,5,0,10,1
18,30,8,1,4,1
30,30,7,0,10,1
40,31,1,0,2,1
38,28,1,0,8,0
38,27,4,0,0,0
30,28,4,1,0,0
19,32,4,0,2,0
21,28,3,0,5,0
23,27,7,1,10,1
43,22,10,0,1,1
44,31,4,0,0,1
40,29,0,0,7,1
22,27,4,1,9,1
42,32,0,0,8,1
20,31,3,0,9,0
18,26,0,0,0,0
21,29,5,0,2,0
42,33,5,0,4,0
37,21,0,0,6,0
19,31,7,0,9,0
43,22,3,0,3,0
22,33,1,0,5,0
20,21,0,0,0,0
26,30,10,0,3,0
37,32,2,0,7,0
23,23,6,0,4,0
35,31,9,0,7,1
23,25,10,0,0,0
36,21,9,1,9,1
29,24,7,0,8,0
42,34,4,0,3,0
28,33,6,1,8,1
19,28,1,0,7,1
32,26,3,0,7,1
29,33,5,1,1,0
29,21,4,0,2,0
26,32,5,0,9,1
38,21,1,0,8,0
41,23,6,0,2,0
19,34,7,0,7,0
39,30,10,0,4,0
20,28,8,0,6,0
29,31,5,0,3,0
43,31,6,0,7,1
33,34,0,0,3,0
38,28,8,1,4,0
41,33,5,1,0,0
43,23,3,1,9,1
18,27,9,0,7,1
38,32,8,0,6,1
20,23,0,0,10,0
37,24,1,0,4,1
19,29,2,0,5,0
26,33,0,1,0,0
36,24,1,1,7,1
32,23,1,0,8,1
35,25,6,1,10,1
43,27,9,0,4,0
28,25,5,0,9,0
42,24,8,0,6,0
40,28,4,0,9,0
33,24,8,1,3,1
39,22,9,0,5,0
34,30,8,0,1,1
22,33,1,0,3,0
29,34,8,0,4,0
28,26,2,1,8,1
32,22,10,1,8,1
44,23,2,1,7,1
20,21,10,0,3,0
18,25,8,0,5,1
37,29,6,1,6,1
33,22,10,1,0,1
19,32,7,0,0,0
19,27,6,1,3,0
20,25,8,0,2,1
25,22,7,1,9,1
41,28,3,0,3,0
32,31,1,1,8,1
24,33,10,0,1,0
23,33,4,0,3,0
26,26,1,0,6,1
37,24,3,0,1,0
18,33,1,0,7,0
25,24,4,0,9,0
40,22,5,0,3,0
40,23,10,0,8,1
20,27,0,0,0,0
43,33,1,0,0,0
42,25,4,0,10,1
32,30,10,1,9,1
23,26,7,1,10,1
32,26,4,1,8,1
38,34,2,0,9,0
20,24,5,0,9,0
42,26,0,1,0,1
38,23,0,0,2,0
38,27,7,1,6,1
31,27,6,0,0,1
37,24,9,0,4,0
31,22,9,0,5,1
21,31,10,1,2,1
29,27,10,0,5,1
34,23,2,0,3,1
24,21,7,1,5,1
26,22,10,0,5,0
20,30,7,0,3,0
30,29,0,0,0,0
32,32,9,0,2,0
35,28,6,1,10,1
36,34,1,1,9,0
18,26,1,0,6,0
23,34,1,0,1,1
44,26,4,0,3,1
44,34,6,0,5,0
40,21,3,0,4,1
44,22,10,0,5,1
44,24,3,0,4,0
19,23,8,0,8,1
41,34,9,1,10,1
31,21,8,1,1,0
23,28,6,0,3,1
31,27,9,0,0,0
21,24,3,0,6,1
38,32,7,1,0,0
25,32,9,1,5,1
20,29,2,1,9,0
36,31,2,0,9,0
31,34,6,0,8,1
44,24,10,1,1,0
37,21,8,1,0,1
34,30,10,1,10,1
42,21,3,0,10,0
25,21,3,0,10,0
41,21,0,0,9,1
31,24,0,1,2,0
43,21,2,1,5,1
23,22,6,0,6,0
40,24,8,0,10,1
39,27,3,0,7,0
33,22,1,0,3,0
42,28,5,0,7,0
36,33,5,0,6,1
31,27,8,0,10,0
36,29,3,0,7,0
20,34,7,1,4,0
27,26,2,0,9,1
36,24,1,1,6,0
26,26,8,0,3,1
37,24,5,1,0,0
30,27,10,1,2,1
24,29,7,0,9,0
31,23,10,0,8,1
26,23,9,0,10,0
44,22,8,0,3,0
40,21,0,0,4,1
42,34,0,0,2,0
36,21,10,1,10,0
32,33,4,0,5,1
37,23,8,0,3,1
31,34,6,0,4,0
41,27,6,0,10,0
23,31,1,0,6,0
38,29,2,0,6,0
21,34,3,1,8,0
25,22,1,0,1,0
34,27,9,0,3,0
26,21,8,0,7,0
18,22,4,0,3,1
41,26,6,1,2,0
37,31,10,1,9,1
42,25,8,0,5,0
31,28,4,1,2,1
28,32,5,0,1,0
38,31,3,0,8,1
20,22,7,0,2,1
26,21,0,1,0,0
44,27,0,0,8,1
31,26,4,0,4,1
26,28,9,0,6,1
21,31,8,1,1,1
44,33,1,0,0,0
21,34,10,0,5,0
25,28,2,1,4,1
19,22,7,1,9,1
31,28,2,1,1,0
39,26,5,1,6,1
26,29,5,0,0,0
41,32,4,0,10,0
40,27,4,0,7,0
33,22,5,1,6,1
34,28,1,1,6,0
33,29,5,0,5,0
29,27,1,0,9,1
20,24,2,1,4,1
28,29,1,0,8,1
31,24,0,0,2,0
35,32,0,0,8,1
38,24,8,0,4,1
38,29,3,1,7,0
22,34,4,1,10,0
33,28,9,1,2,1
37,24,6,0,6,1
22,34,1,1,9,0
20,28,10,0,3,1
29,28,9,0,4,0
18,27,8,0,3,1
38,30,3,1,8,0
26,33,9,0,6,0
26,26,9,0,5,0
21,28,0,1,5,1
20,27,7,0,10,0
34,25,3,1,9,1
19,32,6,1,6,1
41,33,2,1,4,1
18,33,10,0,9,1
25,24,8,0,2,1
30,34,4,1,10,1
40,32,4,0,10,0
32,22,2,0,2,0
25,31,10,0,6,1
29,28,8,0,10,0
39,29,2,0,9,0
29,24,1,1,0,1
31,24,10,0,3,0
32,25,8,0,9,0
32,22,8,0,7,1
26,27,9,1,3,1
36,25,3,0,0,1
43,26,3,0,4,0
37,24,10,0,0,0
39,28,9,0,8,1
25,28,5,0,7,0
38,32,8,1,6,0
36,25,7,0,4,1
23,32,9,0,3,0
37,26,2,0,6,0
42,23,5,0,2,0
36,21,6,0,7,1
21,29,5,0,4,0
40,29,2,0,4,0
24,23,8,1,0,1
21,24,3,0,9,0
39,33,1,0,10,0
29,27,8,0,7,1
20,32,5,1,0,0
39,23,4,0,3,0
29,26,1,0,3,1
19,31,0,0,8,1
41,28,8,0,9,0
19,21,2,0,1,1
44,24,6,1,3,0
40,21,8,1,9,0
26,22,8,1,2,1
18,28,9,0,9,0
25,26,5,0,4,0
40,29,7,0,6,1
23,22,8,0,4,0
23,23,2,1,4,1
39,29,5,0,3,0
42,29,4,0,8,0
35,33,6,1,5,1
34,26,6,1,9,1
29,34,8,1,5,1
23,23,0,1,10,0
43,25,5,0,5,1
25,27,3,0,0,1
36,30,9,0,10,1
18,28,0,0,3,0
42,26,3,1,1,1
30,28,9,0,5,1
34,22,10,0,0,0
20,23,6,0,0,0
25,27,3,0,4,0
31,30,0,0,5,0
20,32,9,1,1,1
33,21,0,0,9,0
30,27,0,1,7,1
37,26,10,0,3,1
41,28,9,0,3,1
34,27,4,0,9,1
30,24,6,0,4,0
23,23,8,0,9,1
34,23,7,0,3,0
31,24,1,0,10,1
34,29,8,1,4,1
25,29,3,0,9,1
28,33,9,0,2,0
37,22,10,0,7,0
18,25,4,0,5,0
43,21,10,0,7,0
24,24,4,0,4,1
38,22,3,0,6,0
38,28,5,0,9,1
34,24,0,0,6,0
27,25,1,0,5,0
28,31,3,1,9,0
39,24,3,0,3,0
26,25,7,0,5,1
26,25,8,0,8,0
41,25,3,1,10,1
22,31,5,1,3,1
34,23,3,1,5,0
26,27,3,0,5,0
34,23,10,0,2,1
41,22,8,1,3,1
38,23,3,0,2,0
36,31,5,0,2,0
44,23,8,0,9,1
24,28,2,0,3,0
40,24,6,0,3,0
26,23,6,0,5,1
24,30,0,1,3,1
30,25,10,0,5,1
28,24,1,0,1,1
31,29,4,0,3,1
36,28,7,0,1,0
28,31,5,1,7,1
30,27,6,1,8,1
31,28,2,0,6,1
30,33,5,0,5,0
18,25,8,1,7,1
25,24,2,0,3,0
29,27,5,0,9,0
36,21,6,0,10,1
29,26,4,1,1,0
25,28,9,1,3,1
25,27,7,0,4,0
38,22,7,0,8,0
30,34,5,0,4,0
29,33,6,0,8,0
33,34,2,0,8,0
18,27,6,0,7,0
30,33,6,1,4,0
43,26,3,0,1,1
24,33,9,1,4,0
43,25,3,0,10,0
22,24,2,0,0,0
25,21,9,1,7,1
42,33,6,0,1,0
44,22,4,0,6,0
31,27,2,0,10,1
40,30,5,1,1,0
30,23,5,0,10,0
32,25,5,0,4,0
40,28,1,1,9,1
34,33,10,0,6,1
32,33,9,0,5,1
37,28,6,0,4,1
35,26,6,0,5,0
35,25,9,0,1,0
19,33,3,0,9,0
21,22,10,0,0,0
18,29,5,0,0,0
21,21,3,0,7,1
35,31,3,0,2,0
22,22,5,1,10,1
36,33,8,0,2,1
32,21,6,0,8,1
37,24,5,1,3,0
34,24,4,0,3,1
18,25,5,1,6,1
29,25,7,0,5,0
43,28,7,1,1,1
36,31,2,1,8,0
32,31,8,0,1,1
26,23,5,1,7,1
24,26,6,1,3,1
19,32,8,0,9,1
26,33,6,1,0,0
27,32,9,0,0,0
19,23,8,1,8,1
36,33,0,1,3,1
28,22,0,0,0,1
30,28,2,0,2,0
27,21,8,1,2,0
31,29,0,0,6,0
35,31,0,0,5,0
36,27,4,0,7,0
39,32,7,0,6,1
26,30,1,1,0,0
42,33,3,0,2,0
24,32,5,1,8,1
20,31,0,1,3,1
37,24,3,0,10,1
23,23,3,0,10,1
44,26,8,0,2,1
38,29,8,0,4,1
19,29,5,0,7,1
23,24,7,1,0,0
20,30,9,0,1,0
33,25,3,1,6,0
25,31,9,0,0,0
19,33,7,0,10,1
34,29,2,0,4,1
26,22,1,0,9,0
29,22,5,1,7,0
20,25,4,1,5,0
28,21,7,1,2,1
18,28,0,1,6,1
40,25,10,0,2,1
30,32,9,0,4,1
32,30,2,0,6,1
43,22,6,0,1,0
22,32,9,0,9,1
38,29,3,0,3,0
34,22,9,1,1,0
42,27,4,0,6,1
40,28,7,0,2,1
41,34,0,0,8,0
42,26,0,0,10,0
23,34,6,0,5,0
38,31,8,0,0,1
39,27,3,1,9,0
28,31,7,0,7,0
35,21,9,1,6,1
21,24,6,0,0,1
20,33,1,0,2,0
30,27,4,1,2,1
40,21,8,0,2,0
26,33,8,0,6,1
38,21,2,0,5,0
23,31,10,1,10,1
43,26,2,0,1,0
29,24,1,0,4,1
19,23,6,0,5,0
20,32,5,1,1,1
20,25,4,0,0,0
29,29,6,0,3,0
32,30,3,0,3,0
26,30,4,0,3,1
40,32,8,1,0,1
25,34,10,0,2,0
28,34,8,1,6,1
33,32,3,0,3,0
43,31,5,0,1,0
44,30,1,0,7,0
42,23,2,1,10,1
39,25,8,0,0,0
21,30,5,0,8,0
18,25,7,0,4,0
41,29,10,0,1,0
24,31,4,1,3,1
19,32,1,0,2,0
41,30,6,0,6,1
22,31,5,0,5,0
24,24,10,1,10,1
21,21,1,0,10,0
22,30,5,0,8,0
41,25,7,1,3,1
18,21,0,0,2,1
18,26,3,1,6,0
32,32,0,0,5,0
37,30,1,0,4,0
36,30,0,0,9,1
27,27,5,1,6,1
20,30,5,0,8,0
28,24,0,0,3,0
32,29,3,0,0,0
44,33,3,0,9,1
28,21,7,0,4,1
34,29,5,1,0,1
34,28,1,1,0,0
23,25,4,1,0,1
22,26,3,0,0,1
25,27,9,1,7,0
19,24,3,1,1,1
33,34,7,0,8,1
37,34,4,1,6,1
41,26,2,0,10,0
29,27,9,0,2,0
23,31,3,0,8,1
18,26,0,0,3,0
21,31,5,0,6,1
34,33,10,1,2,1
30,32,9,0,4,0
35,26,3,0,3,0
22,22,5,0,5,0
41,25,1,0,8,0
41,23,4,0,4,1
44,27,10,0,0,1
20,24,8,1,4,1
30,32,2,0,8,1
21,32,0,1,7,1
43,26,9,0,4,1
44,26,2,0,4,0
31,27,7,1,1,1
39,31,10,1,8,0
28,28,2,0,10,1
44,23,4,0,3,0
27,34,1,0,6,0
36,26,0,0,9,0
35,30,10,0,5,0
23,22,9,0,4,1
44,33,4,1,10,1
32,34,4,0,10,0
38,29,5,1,4,1
27,22,1,0,6,0
22,23,8,0,1,1
43,32,1,0,8,1
22,33,1,1,1,1
27,30,4,1,8,1
22,32,8,0,10,1
20,32,3,0,3,0
40,22,5,0,9,0
23,29,1,0,10,0
21,21,3,0,9,0
35,25,8,0,5,0
26,21,1,0,0,1
30,28,3,0,5,0
44,28,3,0,8,0
32,31,0,0,8,0
37,28,3,1,8,1
34,22,2,0,2,1
30,28,1,1,3,0
33,32,9,0,7,1
39,25,3,0,7,0
21,21,7,1,1,1
22,27,6,0,7,1
22,33,8,0,6,0
26,26,7,0,8,0
34,25,0,1,4,0
30,21,1,1,1,1
19,34,1,1,4,0
30,34,7,1,1,0
39,21,3,0,4,0
38,26,8,0,8,0
44,30,1,1,6,0
40,32,3,1,6,1
36,27,0,0,0,0
20,30,2,1,8,1
19,21,8,0,6,1
30,29,10,0,1,1
36,24,0,0,0,0
43,25,4,1,10,0
34,22,1,1,3,1
38,34,6,0,8,0
31,32,3,1,8,1
29,30,4,0,10,0
38,33,7,0,2,0
29,28,1,0,0,0
28,34,2,1,1,0
24,22,10,0,8,0
21,23,4,0,8,1
36,32,9,0,0,0
18,29,3,0,8,1
41,22,4,0,0,0
30,26,8,0,3,0
32,32,7,0,4,1
19,24,5,0,7,1
28,27,0,1,4,1
21,34,3,0,4,0
36,34,6,0,3,1
34,26,9,1,8,0
20,30,4,0,7,0
35,34,3,1,8,1
25,29,8,0,6,0
39,34,7,0,6,0
42,29,2,1,4,1
41,30,5,0,9,1
43,24,3,0,0,0
36,21,6,0,5,1
22,22,0,0,9,1
24,28,0,1,5,0
38,34,5,0,9,0
25,30,9,1,3,1
22,28,10,0,1,1
34,34,6,0,0,0
21,24,6,1,10,1
39,21,8,0,8,1
36,27,9,1,0,0
44,24,8,0,4,1
38,31,7,1,9,0
19,34,6,0,5,0
28,28,2,0,8,0
39,29,10,0,0,0
30,32,2,1,4,1
29,23,4,0,1,0
39,25,6,1,1,1
38,26,9,0,10,0
39,26,6,0,4,0
28,30,0,0,9,0
24,28,7,0,3,0
22,26,0,0,5,0
34,26,10,0,4,0
41,24,3,0,1,1
37,27,1,0,8,0
26,34,4,0,9,0
31,34,5,0,7,0
43,28,3,0,8,1
29,23,3,0,10,0
23,27,6,0,5,0
34,23,10,1,4,1
36,28,3,1,4,0
36,21,1,1,1,0
43,21,3,0,10,1
33,34,6,0,3,0
29,26,0,0,1,1
29,30,3,1,1,0
37,29,5,1,7,1
23,32,7,0,3,1
40,34,7,0,3,0
43,24,8,1,6,1
21,26,4,0,3,1
23,32,1,1,8,0
28,25,2,0,8,0
18,32,1,0,2,1
41,21,8,0,5,1
40,26,5,0,6,1
32,29,10,0,2,0
44,32,0,0,3,1
28,23,2,0,0,0
42,31,6,0,10,0
36,23,6,1,8,1
35,34,4,0,6,0
34,22,2,0,9,0
36,33,6,0,6,0
38,24,4,0,8,1
31,30,5,1,5,0
44,23,2,0,7,0
35,32,5,0,4,0
36,22,6,0,7,0
32,21,7,0,9,0
32,23,1,0,0,0
21,30,1,0,2,1
24,26,5,0,3,1
30,29,7,1,10,1
20,31,4,1,8,1
33,25,0,0,7,1
26,23,10,1,7,1
25,34,0,0,1,0
37,25,9,0,6,0
30,25,8,0,2,0
34,25,3,0,5,0
34,32,9,0,3,1
34,32,0,1,5,1
18,27,10,0,3,1
25,25,7,0,2,0
36,27,1,1,1,0
23,29,1,0,3,0
20,25,0,0,9,0
44,22,0,0,1,0
22,25,8,0,6,1
30,28,0,0,0,0
32,32,5,0,10,0
31,24,6,0,0,0
40,22,3,0,4,0
33,30,4,0,6,1
35,23,3,1,0,1
39,29,3,0,3,0
39,29,9,1,4,0
28,28,0,1,1,0
20,28,5,0,6,0
39,28,9,1,3,0
27,28,9,0,7,0
27,28,6,1,0,0
38,21,6,0,9,1
33,26,7,0,0,0
29,32,6,0,0,0
19,29,5,0,3,1
26,28,7,0,0,1
41,23,2,0,4,1
20,31,8,1,5,1
41,21,2,0,6,1
42,22,3,1,7,1
32,31,9,0,7,0
20,22,5,0,1,1
36,27,7,1,3,1
35,32,2,0,6,0
25,26,9,0,8,1
43,31,5,1,8,1
34,22,4,0,10,0
25,28,4,0,2,1
24,29,4,1,6,1
24,27,8,1,3,1
20,24,6,1,8,1
18,33,8,1,6,1
21,33,8,0,5,1
42,21,5,0,8,0
22,24,5,1,6,0
18,24,3,0,10,0
32,28,7,0,7,1
22,24,1,0,10,0
30,24,4,1,4,1
25,33,0,0,3,1
25,22,9,0,0,0
22,32,1,0,7,0
26,30,0,1,5,0
18,27,5,1,3,1
21,24,1,0,2,0
19,26,4,1,3,1
25,23,6,1,10,1
40,27,9,0,10,0
26,26,0,1,6,1
19,23,10,1,5,1
31,24,4,0,2,0
31,30,3,0,9,0
21,34,6,1,10,1
23,25,9,0,0,0
28,29,6,0,6,0
20,34,7,1,4,1
25,26,3,0,0,0
20,33,3,0,0,1
31,24,9,1,5,1
30,31,4,0,3,1
30,31,4,0,7,0
30,22,2,0,3,0
36,24,4,1,7,1
44,25,4,1,7,1
23,24,7,0,4,0
33,24,6,0,2,1
19,31,7,1,3,1
25,33,4,0,2,0
34,29,10,0,10,0
40,34,1,1,1,0
19,31,7,0,3,0
27,33,8,0,8,1
33,22,1,1,5,1
23,26,0,1,3,0
19,34,5,0,0,1
19,28,2,1,6,0
43,28,0,0,1,0
30,31,5,0,5,0
41,27,7,1,9,1
32,30,8,0,0,1
19,31,5,0,6,0
24,24,5,0,3,0
20,27,0,0,10,0
40,30,2,1,9,0
31,26,6,0,6,0
41,31,8,0,2,0
40,26,10,0,7,1
44,22,5,0,10,0
39,28,4,0,3,1
24,28,6,0,2,0
38,34,10,0,6,1
24,31,8,0,6,1
18,27,4,1,8,0
34,31,4,0,9,1
26,29,9,0,6,0
38,28,3,0,5,0
30,34,4,0,2,0
38,29,6,0,3,1
36,29,2,0,7,1
38,26,3,0,5,1
36,22,8,0,8,1
42,32,1,0,7,1
42,27,7,0,7,0
39,23,8,0,10,0
34,33,4,1,9,1
40,27,6,1,9,0
40,29,5,1,6,1
27,30,0,0,9,0
27,34,7,0,10,1
21,30,8,0,0,0
25,22,9,0,4,0
39,34,10,0,6,0
37,33,0,0,9,1
37,26,7,0,8,0
35,33,2,0,3,1
31,26,5,0,7,1
35,29,9,0,0,1
31,33,7,0,3,1
37,29,4,0,3,0
38,33,7,0,1,1
41,25,6,0,10,1
32,34,6,0,10,1
39,25,6,0,2,0
21,29,8,0,2,1
30,28,5,0,8,0
44,27,5,1,6,1
40,28,10,1,1,1
25,26,8,1,8,0
35,23,5,0,7,0
29,27,6,0,5,0
40,28,6,0,5,0
31,28,1,1,1,0
19,21,7,1,2,1
35,27,10,1,5,1
41,23,5,0,2,0
19,22,3,0,10,0
28,34,10,0,10,0
26,22,6,1,6,0
29,34,7,0,4,1
34,34,0,0,3,0
32,28,9,0,7,1
42,29,3,1,10,1
34,23,3,0,10,0
43,34,9,1,1,1
43,23,8,0,2,1
35,26,5,0,9,0
23,30,0,1,9,0
34,21,7,1,5,0
40,26,10,0,4,1
41,32,8,0,4,0
35,23,4,0,6,1
25,31,4,0,7,0
23,29,7,0,2,0
22,23,7,0,3,0
29,21,4,0,0,0
42,23,3,1,10,0
28,27,5,1,4,1
42,33,9,0,9,0
18,27,4,0,7,0
28,31,7,1,2,0
36,25,8,0,9,0
26,34,0,0,3,0
44,21,8,1,3,1
19,31,8,1,5,0
29,28,5,1,8,1
21,30,10,0,9,1
21,28,9,0,2,1
35,30,4,0,3,1
32,32,6,0,5,1
36,30,10,0,5,1
30,33,7,0,6,1
36,30,8,0,0,0
34,22,8,0,8,1
23,30,9,1,1,1
33,23,10,0,3,1
41,24,2,0,2,0
29,21,7,0,2,0
36,24,0,0,10,0
22,25,6,0,4,0
34,23,4,1,6,1
43,34,1,0,6,1
40,31,1,0,6,0
43,30,7,0,2,0
18,22,4,0,8,0
44,33,10,0,5,1
42,26,2,1,10,1
41,28,0,1,10,0
40,27,10,1,9,1
27,31,6,0,10,1
32,34,10,1,7,1
40,21,2,0,0,0
38,24,6,1,3,1
38,23,1,0,6,1
28,26,3,1,8,0
30,29,1,0,2,0
22,29,3,1,10,1
18,27,4,0,5,0
41,32,7,0,7,0
29,29,1,0,10,1
28,28,9,0,2,0
34,25,2,0,5,0
21,29,9,0,8,0
32,34,4,0,8,1
42,27,10,0,5,1
26,25,8,0,4,0
38,28,9,0,0,1
37,27,10,0,2,0
36,29,4,0,2,0
36,30,8,0,3,1
29,21,3,1,4,1
22,33,9,1,10,1
27,29,4,1,7,1
22,21,3,1,8,1
39,21,4,0,6,0
33,25,4,0,9,1
24,28,3,1,5,1
26,29,3,1,2,0
20,32,10,1,8,1
32,26,4,0,9,1
33,32,5,0,0,0
35,33,6,0,8,0
31,30,5,0,2,0
20,32,0,1,8,1
29,28,1,0,9,0
26,26,6,0,0,0
24,31,2,0,7,1
30,24,10,1,8,1
35,31,1,0,3,0
22,25,5,0,4,1
30,34,10,0,5,0
21,22,3,0,8,1
19,23,10,1,5,0
33,23,4,0,8,0
26,34,5,0,1,0
26,32,2,0,3,1
23,31,0,1,2,1
28,25,2,0,3,1
39,34,2,1,0,0
41,25,5,0,1,1
39,26,3,1,3,0
18,25,6,0,9,0
21,32,10,0,3,0
30,26,1,0,4,0
40,28,3,0,8,0
30,22,7,0,0,0
30,24,10,0,7,0
19,33,5,0,2,1
26,26,9,0,8,1
41,32,2,0,10,0
25,25,9,1,7,1
24,21,1,0,7,0
21,29,2,1,8,0
35,23,0,0,3,0
20,22,0,0,4,0
23,29,1,0,6,0
29,27,2,0,1,1
29,25,8,0,6,0
38,32,7,1,2,1
25,26,10,0,5,0
39,32,10,1,5,1
39,31,8,0,5,0
18,24,6,0,9,0
21,21,6,1,1,1
38,24,4,1,8,0
28,29,6,0,7,0
20,21,3,0,6,0
30,30,4,0,10,0
42,23,0,0,8,0
34,25,10,0,3,0
39,27,3,1,1,1
39,29,2,0,3,0
27,26,1,0,9,0
38,23,1,0,10,0
29,33,7,0,2,0
32,27,0,1,1,1
38,34,7,0,1,0
27,24,8,0,7,0
31,23,5,0,4,0
30,34,0,0,5,1
22,27,9,0,7,0
23,31,6,1,6,1
41,31,4,0,6,0
19,27,8,1,6,0
39,24,6,0,10,1
21,27,1,0,6,1
31,31,3,0,7,1
27,34,1,0,0,0
20,22,8,0,2,1
42,21,1,0,0,0
20,32,1,1,7,0
23,24,0,0,6,0
34,28,8,0,5,0
29,23,7,0,10,0
39,30,1,1,0,1
37,26,1,0,5,0
41,26,4,0,8,0
28,33,3,0,2,0
42,29,1,0,6,1
21,29,7,0,3,1
43,24,7,0,0,0
43,29,3,1,6,0
23,33,3,1,0,1
18,26,8,1,10,1
37,22,3,1,3,0
40,30,9,0,8,0
33,34,10,0,4,0
32,31,8,0,6,1
34,26,2,0,6,1
25,22,1,0,2,0
43,28,10,0,10,1
29,24,7,0,7,1
44,25,2,0,0,1
38,34,10,0,9,1
27,31,7,1,3,1
44,28,7,1,1,0
32,32,4,0,5,0
26,34,8,1,0,1
19,32,10,0,2,0
22,26,5,0,8,0
23,24,4,0,9,1
24,21,2,0,5,0
38,32,6,0,1,0
42,27,8,0,8,0
18,28,3,1,1,1
40,29,10,1,6,1
43,22,6,0,0,0
24,21,2,0,4,0
37,24,10,0,6,1
42,33,1,1,2,1
29,25,10,0,3,1
33,30,0,0,4,0
33,32,5,1,2,0
28,21,4,0,5,0
38,25,1,0,2,1
21,26,2,1,7,0
30,23,8,0,6,0
24,32,2,0,0,0
21,27,6,0,1,1
36,26,6,1,4,1
26,24,8,0,10,1
28,23,10,1,9,0
25,25,7,0,10,1
18,23,6,0,3,0
40,30,9,0,3,0
42,29,7,1,8,1
41,29,3,0,3,1
25,26,1,0,3,0
30,33,10,0,3,1
39,31,8,1,1,0
44,26,2,1,7,1
25,34,3,0,4,0
20,24,6,0,7,0
26,24,1,0,3,0
19,22,7,0,4,0
19,30,9,0,4,0
30,24,7,1,5,0
32,28,4,0,6,1
40,33,8,0,2,0
29,30,7,1,9,0
43,22,0,1,10,0
43,34,4,0,8,0
25,21,8,0,0,1
26,33,8,0,9,1
40,22,9,0,7,1
22,22,9,1,9,0
41,31,2,0,2,0
37,33,7,1,4,0
35,34,6,0,2,1
28,26,6,0,9,1
32,34,9,0,0,0
39,27,1,1,9,0
26,33,1,0,4,0
34,23,1,0,7,1
44,31,10,0,4,0
43,29,1,0,3,0
29,25,3,0,8,0
24,25,6,0,0,0
27,31,1,0,4,0
42,32,4,0,0,1
43,24,6,0,5,1
42,29,8,1,9,0
27,28,7,0,8,1
44,32,8,1,10,1
30,24,6,0,1,0
36,24,2,0,3,0
28,22,0,0,7,1
30,29,9,0,2,1
38,23,6,0,6,0
25,24,10,0,6,0
25,34,5,0,1,0
21,27,1,0,9,1
32,30,0,0,3,0
28,28,9,0,0,1
28,28,3,0,7,0
18,24,3,0,9,0
34,27,5,0,9,0
32,30,10,0,8,0
37,21,4,0,0,1
41,26,7,0,6,0
39,26,8,0,0,0
42,32,9,0,0,0
32,22,6,1,8,1
26,28,8,0,9,1
31,34,2,0,9,0
35,25,8,0,5,1
43,25,1,1,0,1
34,22,8,1,6,1
35,24,5,0,2,0
22,32,3,0,9,0
37,29,10,0,3,0
37,29,1,0,3,0
26,26,9,0,7,1
28,31,2,0,0,0
41,29,4,0,7,1
39,24,8,1,8,1
35,21,10,0,6,0
23,22,10,1,0,0
44,33,2,0,6,1
19,21,3,0,5,1
32,28,10,0,4,1
43,29,1,1,4,1
38,30,7,0,0,1
31,32,5,1,5,1
22,26,2,0,3,0
23,22,4,1,0,0
23,26,4,1,7,1
39,29,0,1,7,1
35,32,4,1,10,0
31,23,5,0,3,0
27,29,9,0,6,0
31,22,9,0,2,1
30,31,10,0,7,1
20,25,10,1,6,0
23,31,10,0,4,1
25,22,1,1,4,0
29,27,2,1,8,1
30,31,9,0,5,0
28,30,4,0,5,0
29,29,2,0,1,0
18,27,4,1,10,1
34,32,4,0,4,1
33,25,7,0,3,1
28,24,9,0,9,0
30,32,8,0,2,0
35,24,7,0,8,0
28,30,2,1,10,1
29,28,0,0,6,0
23,30,2,0,3,0
26,33,0,0,8,0
33,30,10,0,8,1
21,34,8,0,6,0
33,30,7,0,8,0
41,30,5,0,6,0
44,21,2,0,8,0
43,25,8,0,10,1
42,34,7,0,2,0
29,22,2,1,10,1
28,33,6,0,8,0
22,31,4,0,0,1
42,29,1,1,4,0
35,27,7,0,1,1
36,30,0,0,0,0
40,28,3,0,2,0
40,26,10,0,6,0
23,29,10,0,2,1
39,26,3,1,9,1
35,27,9,0,9,1
43,27,4,0,10,0
23,29,3,0,8,0
21,31,0,1,2,0
29,28,6,0,10,1
36,33,9,1,5,1
44,21,10,0,1,0
19,24,1,0,7,0
34,27,9,0,9,1
28,31,2,1,4,1
28,28,4,0,1,0
33,32,9,0,2,1
19,23,7,1,4,1
19,24,1,1,10,0
40,32,8,0,8,1
25,27,5,1,0,1
30,28,8,1,1,0
27,27,3,0,4,0
25,26,2,1,3,1
21,29,4,0,0,0
32,29,4,1,6,1
18,31,3,0,8,0
28,33,6,0,0,0
24,27,7,1,7,1
34,28,4,0,8,1
44,26,8,0,1,0
37,21,6,0,0,0
41,21,6,1,5,1
35,26,7,0,6,1
39,22,3,0,1,0
39,34,9,0,4,1
29,28,5,0,4,1
26,21,4,0,6,1
22,33,0,0,10,0
27,22,8,0,0,0
21,28,1,1,9,1
22,32,5,1,7,1
27,26,7,1,4,0
28,32,2,1,2,1
38,30,4,0,8,0
41,22,6,0,10,0
27,22,3,1,2,0
25,31,4,0,6,1
19,34,0,0,9,1
40,27,3,0,6,0
25,25,6,0,9,1
33,25,9,0,7,0
44,28,6,0,9,0
39,32,9,1,7,1
22,32,9,0,3,1
44,27,3,0,0,0
42,32,5,0,3,0
20,34,4,1,5,0
29,29,0,0,9,1
30,24,7,0,10,1
30,30,6,0,5,0
27,24,4,0,5,1
21,22,9,0,6,0
26,23,9,0,10,1
39,21,6,0,0,0
41,21,9,0,9,0
40,27,2,0,0,1
44,34,7,0,6,1
19,34,4,0,3,0
36,25,1,1,5,0
18,23,1,1,5,1
42,27,3,0,8,0
24,34,6,0,1,0
34,22,9,1,3,0
20,23,3,1,3,1
37,21,8,1,6,1
37,28,1,0,0,1
38,22,5,0,4,0
20,27,3,1,10,1
20,31,5,0,3,0
34,29,9,0,1,1
24,26,8,1,4,1
44,22,9,1,8,1
43,22,8,1,7,0
31,29,8,0,8,0
34,30,8,0,6,0
35,28,2,0,9,0
30,34,10,1,6,1
37,34,8,0,1,1
37,34,2,0,2,0
38,29,9,1,10,0
44,24,2,0,9,0
35,24,4,1,7,1
21,22,5,0,10,0
18,34,8,0,1,0
35,30,0,0,6,0
18,21,7,0,5,1
43,30,3,0,9,0
43,33,9,0,3,0
30,24,6,0,10,0
37,30,5,0,3,0
37,30,5,0,2,0
40,31,6,1,5,1
27,28,3,1,2,0
44,22,5,0,8,1
28,33,2,0,3,0
26,32,4,1,3,1
26,31,1,0,1,0
22,28,2,1,1,1
43,21,8,0,6,1
18,21,5,0,4,1
34,24,2,1,2,1
39,27,1,0,5,0
19,29,4,0,5,0
41,25,9,0,0,1
30,22,4,0,2,0
26,32,0,1,4,1
21,27,2,0,10,0
22,31,6,0,10,0
28,22,8,1,6,0
41,29,4,0,3,0
38,23,2,0,2,0
20,33,9,1,5,1
29,28,8,0,5,1
43,31,6,1,8,1
36,24,6,0,3,0
36,23,7,0,6,1
30,21,9,1,9,1
24,25,0,0,0,0
32,33,10,0,10,0
40,34,3,1,0,0
24,31,4,0,1,0
43,24,4,1,3,0
25,21,0,0,5,1
22,30,2,0,3,1
38,28,1,0,5,0
31,28,6,1,1,0
21,33,4,0,8,0
40,28,2,0,10,0
27,23,10,0,2,0
37,26,7,1,6,1
32,32,0,1,0,0
35,32,0,1,7,1
37,27,5,1,3,1
30,29,0,0,10,1
25,25,3,1,4,0
26,29,5,0,6,1
33,26,0,1,2,1
36,30,8,0,8,0
33,30,3,0,8,0
24,30,8,0,7,1
31,24,8,1,0,0
31,33,5,1,1,1
42,21,6,0,1,1
44,21,0,0,2,0
21,34,4,1,1,1
43,30,2,0,0,0
32,25,9,0,10,1
20,33,9,1,4,0
22,34,5,1,5,0
18,23,3,0,6,1
20,25,8,0,9,1
32,25,6,0,6,1
41,21,3,0,1,0
44,34,10,0,6,0
25,28,5,1,1,1
21,25,1,0,1,0
19,25,2,0,5,1
41,29,10,0,5,0
41,28,6,0,7,0
27,33,10,0,4,0
21,21,3,1,4,1
20,23,9,0,9,0
19,32,6,1,0,1
42,27,8,0,3,1
34,21,4,0,0,1
40,21,0,0,9,0
38,25,4,0,4,0
41,29,5,0,7,1
37,26,10,0,0,0
40,30,1,0,2,1
30,22,7,0,0,1
22,31,1,0,5,0
26,26,1,0,0,0
42,25,2,0,9,0
42,25,7,0,2,0
39,32,10,0,4,1
23,23,5,0,4,0
22,34,0,1,1,0
42,26,3,0,2,0
27,33,4,0,8,0
25,24,10,1,0,1
24,33,2,0,0,0
24,32,0,0,1,1
23,30,2,1,7,0
38,34,8,0,5,0
37,22,1,0,3,0
20,33,0,1,6,1
36,23,6,0,5,0
39,29,6,0,8,1
32,31,4,0,5,0
21,31,1,1,1,0
29,29,0,0,2,0
23,26,4,1,8,0
36,30,9,0,6,0
21,30,3,0,5,0
32,34,8,0,4,1
26,29,4,0,2,1
22,24,10,1,3,1
30,31,9,0,0,0
40,25,1,0,4,1
43,30,3,0,6,1
35,26,8,1,1,1
22,33,7,0,10,0
42,29,2,0,7,1
33,33,7,1,9,1
44,25,1,0,5,0
36,28,2,0,9,0
31,31,4,1,2,1
42,21,10,0,1,1
33,25,9,1,7,1
44,30,9,0,3,0
32,21,7,0,6,0
39,30,0,0,6,0
21,34,3,0,9,0
24,26,0,0,8,0
33,27,0,0,9,1
41,32,4,0,7,0
39,34,5,0,7,1
38,25,0,0,6,0
39,21,10,0,9,1
38,26,5,0,4,0
25,30,4,0,8,1
34,25,3,1,10,1
33,26,9,0,6,0
44,31,4,1,10,1
40,30,7,0,2,1
27,27,8,0,5,0
27,27,10,0,2,1
44,22,1,0,5,1
19,32,5,1,7,0
26,23,2,0,8,0
34,32,1,0,1,0
28,26,0,0,5,0
27,23,3,1,2,1
39,22,7,0,6,1
34,25,4,1,3,1
21,31,9,1,4,1
33,30,4,0,9,0
37,29,4,0,5,0
32,23,10,0,10,1
42,23,8,0,7,0
44,26,7,0,1,0
38,25,7,1,3,1
22,26,0,0,10,0
23,27,0,1,3,1
34,31,1,0,5,0
18,23,7,1,3,1
42,33,9,0,10,0
36,25,0,1,4,0
21,28,3,0,4,1
34,24,8,0,7,0
26,30,1,0,3,0
41,22,2,1,5,0
19,24,10,0,6,0
25,22,5,1,7,1
32,23,10,0,8,0
24,24,9,1,9,1
44,24,2,1,7,0
23,30,3,0,3,0
18,29,8,0,3,1
32,30,8,0,9,0
40,26,9,0,10,1
43,29,4,0,4,0
24,24,6,0,2,0
42,29,8,0,1,0
34,31,7,0,1,1
19,33,10,0,8,0
44,29,6,0,7,0
26,26,7,0,5,0
26,25,4,1,8,1
30,23,4,0,4,1
23,34,4,0,9,0
23,25,0,0,0,0
37,23,5,0,7,0
37,25,4,0,2,0
38,25,7,0,8,1
34,34,1,0,0,0
34,34,10,0,2,0
29,29,5,0,0,1
32,34,9,0,5,0
30,26,9,0,3,1
40,25,5,0,9,1
18,24,2,1,3,1
34,28,0,0,4,0
20,22,6,0,2,0
43,28,9,0,1,0
32,21,4,1,9,1
